date	bikesHome	standsHome	bikesOffice	standsOffice
2019-09-20 20:24:00.240875	0	0	0	0
2019-09-20 20:37:05.317128	6	19	0	30
2019-09-20 20:52:58.346988	3	22	0	30
2019-09-20 21:14:00.686326	2	23	0	30
2019-09-20 23:36:01.799788	7	18	0	30
2019-09-20 23:37:02.386031	7	18	0	30
2019-09-21 07:00:02.564748	23	2	2	28
2019-09-21 07:05:02.284544	23	2	2	28
2019-09-21 07:10:02.103623	23	2	2	28
2019-09-21 07:15:01.839622	23	2	2	28
2019-09-21 07:20:02.578115	23	2	2	28
2019-09-21 07:25:02.309497	24	1	3	27
2019-09-21 07:30:02.092452	24	1	3	27
2019-09-21 07:35:01.768765	24	1	3	27
2019-09-21 07:40:02.664829	24	1	4	26
2019-09-21 07:45:02.356132	25	0	4	26
2019-09-21 07:50:02.148330	25	0	4	26
2019-09-21 07:55:01.916134	24	1	4	26
2019-09-21 08:00:01.728341	24	1	4	26
2019-09-21 08:05:02.404682	24	1	4	26
2019-09-21 08:10:02.220152	24	1	4	26
2019-09-21 08:15:01.882560	24	1	4	26
2019-09-21 08:20:02.615177	24	1	4	26
2019-09-21 08:25:02.264370	24	1	4	26
2019-09-21 08:30:01.942215	24	1	4	26
2019-09-21 08:35:01.599139	24	1	4	26
2019-09-21 08:40:02.439677	23	2	4	26
2019-09-21 08:45:02.096651	22	3	4	26
2019-09-21 08:50:01.822515	22	3	4	26
2019-09-21 08:55:02.485945	22	3	4	26
2019-09-21 09:00:02.454819	22	3	4	26
2019-09-21 09:05:02.205478	21	4	4	26
2019-09-21 09:10:02.026073	21	4	4	26
2019-09-21 09:15:01.707766	21	4	4	26
2019-09-21 09:20:02.483545	21	4	4	26
2019-09-21 09:25:02.154612	21	4	4	26
2019-09-21 09:30:01.833224	21	4	4	26
2019-09-21 09:35:02.506324	21	4	4	26
2019-09-21 09:40:02.432298	19	6	4	26
2019-09-21 09:45:02.102606	19	6	4	26
2019-09-21 09:50:01.722419	19	6	4	26
2019-09-21 09:55:02.323339	20	5	4	26
2019-09-21 19:00:01.711050	6	19	4	26
2019-09-21 19:05:02.525221	6	19	4	26
2019-09-21 19:10:02.240785	5	20	4	26
2019-09-21 19:15:01.859700	3	22	4	26
2019-09-21 19:20:02.559263	3	22	4	26
2019-09-21 19:25:02.239556	5	20	4	26
2019-09-21 19:30:01.919181	5	20	4	26
2019-09-21 19:35:01.602054	5	20	4	26
2019-09-21 19:40:02.404558	6	19	4	26
2019-09-21 19:45:02.076318	7	18	4	26
2019-09-21 19:50:01.744296	9	16	4	26
2019-09-21 19:55:27.350544	9	16	4	26
2019-09-21 20:00:02.073913	13	12	4	26
2019-09-21 20:05:01.687758	14	11	4	26
2019-09-21 20:10:02.461616	14	11	4	26
2019-09-21 20:15:02.127757	12	13	4	26
2019-09-21 20:20:01.844361	12	13	4	26
2019-09-21 20:25:02.509800	11	14	4	26
2019-09-21 20:30:02.158088	10	15	4	26
2019-09-21 20:35:01.814549	10	15	4	26
2019-09-21 20:40:02.586193	9	16	4	26
2019-09-21 20:45:02.302787	11	14	4	26
2019-09-21 20:50:01.958616	11	14	4	26
2019-09-21 20:55:01.616327	13	12	4	26
2019-09-21 21:00:27.354229	11	14	4	26
2019-09-21 21:05:01.961682	10	15	4	26
2019-09-21 21:10:01.722306	10	15	4	26
2019-09-21 21:15:02.495727	11	14	4	26
2019-09-21 21:20:02.208142	11	14	4	26
2019-09-21 21:25:01.849872	10	15	4	26
2019-09-21 21:30:02.504277	11	14	4	26
2019-09-21 21:35:02.222460	11	14	4	26
2019-09-21 21:40:02.023364	12	13	4	26
2019-09-21 21:45:01.751089	12	13	4	26
2019-09-21 21:50:02.392201	13	12	4	26
2019-09-21 21:55:02.059866	13	12	4	26
2019-09-22 07:00:02.545655	25	0	3	27
2019-09-22 07:05:02.217752	25	0	3	27
2019-09-22 07:10:01.968971	25	0	3	27
2019-09-22 07:15:01.694522	25	0	3	27
2019-09-22 07:20:02.480937	25	0	3	27
2019-09-22 07:25:02.195038	25	0	3	27
2019-09-22 07:30:01.885277	25	0	3	27
2019-09-22 07:35:02.546507	25	0	3	27
2019-09-22 07:40:02.387436	25	0	3	27
2019-09-22 07:45:02.148198	25	0	3	27
2019-09-22 07:50:01.848169	24	1	3	27
2019-09-22 07:55:02.525408	24	1	3	27
2019-09-22 08:00:02.323851	24	1	3	27
2019-09-22 08:05:02.035341	24	1	3	27
2019-09-22 08:10:01.852303	23	2	3	27
2019-09-22 08:15:02.514036	23	2	3	27
2019-09-22 08:20:02.256171	23	2	3	27
2019-09-22 08:25:01.940108	23	2	3	27
2019-09-22 08:30:01.634345	23	2	3	27
2019-09-22 08:35:02.339734	23	2	3	27
2019-09-22 08:40:02.146108	23	2	3	27
2019-09-22 08:45:01.858791	22	3	3	27
2019-09-22 08:50:02.582026	21	4	3	27
2019-09-22 08:55:02.238039	21	4	3	27
2019-09-22 09:00:01.966478	20	5	3	27
2019-09-22 09:05:01.668885	20	5	3	27
2019-09-22 09:10:02.476715	20	5	3	27
2019-09-22 09:15:02.158299	20	5	3	27
2019-09-22 09:20:01.904338	20	5	3	27
2019-09-22 09:25:01.590467	20	5	3	27
2019-09-22 09:30:02.333360	21	4	3	27
2019-09-22 09:35:02.060529	21	4	3	27
2019-09-22 09:40:01.871563	21	4	3	27
2019-09-22 09:45:02.525447	21	4	3	27
2019-09-22 09:50:02.199463	21	4	3	27
2019-09-22 09:55:01.899029	20	5	3	27
2019-09-22 19:00:02.083512	5	20	3	27
2019-09-22 19:05:01.871623	5	20	3	27
2019-09-22 19:10:01.636176	5	20	3	27
2019-09-22 19:15:02.333271	4	21	3	27
2019-09-22 19:20:02.106924	5	20	3	27
2019-09-22 19:25:01.793094	5	20	3	27
2019-09-22 19:30:02.498372	5	20	3	27
2019-09-22 19:35:02.163823	5	20	3	27
2019-09-22 19:40:02.008889	5	20	3	27
2019-09-22 19:45:01.681002	6	19	3	27
2019-09-22 19:50:02.367520	7	18	3	27
2019-09-22 19:55:02.081866	8	17	3	27
2019-09-22 20:00:01.822546	9	16	3	27
2019-09-22 20:05:02.497892	9	16	3	27
2019-09-22 20:10:02.258146	8	17	3	27
2019-09-22 20:15:02.083547	8	17	3	27
2019-09-22 20:20:01.879862	8	17	3	27
2019-09-22 20:25:02.551288	8	17	3	27
2019-09-22 20:30:02.276655	8	17	3	27
2019-09-22 20:35:01.958159	7	18	3	27
2019-09-22 20:40:01.777144	7	18	3	27
2019-09-22 20:45:02.493400	7	18	3	27
2019-09-22 20:50:02.157904	6	19	3	27
2019-09-22 20:55:01.841002	4	21	3	27
2019-09-22 21:00:02.627375	2	23	3	27
2019-09-22 21:05:02.319304	2	23	3	27
2019-09-22 21:10:02.096625	1	24	3	27
2019-09-22 21:15:01.780932	1	24	3	27
2019-09-22 21:20:02.552641	1	24	3	27
2019-09-22 21:25:02.262860	1	24	3	27
2019-09-22 21:30:01.977589	1	24	3	27
2019-09-22 21:35:01.636583	1	24	3	27
2019-09-22 21:40:02.421048	3	22	3	27
2019-09-22 21:45:02.066639	3	22	3	27
2019-09-22 21:50:01.732991	3	22	3	27
2019-09-22 21:55:02.419998	3	22	3	27
2019-09-23 07:00:01.789618	25	0	8	22
2019-09-23 07:05:02.588688	25	0	8	22
2019-09-23 07:10:02.432070	25	0	8	22
2019-09-23 07:15:02.127809	24	1	9	21
2019-09-23 07:20:01.853741	25	0	9	21
2019-09-23 07:25:02.557741	25	0	9	21
2019-09-23 07:30:02.258196	24	1	9	21
2019-09-23 07:35:01.914889	22	3	10	20
2019-09-23 07:40:01.789564	19	6	10	20
2019-09-23 07:45:02.500086	18	7	10	20
2019-09-23 07:50:02.226140	16	9	12	18
2019-09-23 07:55:02.429997	14	11	15	15
2019-09-23 08:00:02.300952	13	12	20	10
2019-09-23 08:05:02.174195	11	14	26	4
2019-09-23 08:10:01.976003	12	13	29	1
2019-09-23 08:15:01.747302	9	16	30	0
2019-09-23 08:20:02.542512	6	19	30	0
2019-09-23 08:25:02.221198	2	23	30	0
2019-09-23 08:30:01.879602	2	23	30	0
2019-09-23 08:35:01.593965	1	24	30	0
2019-09-23 08:40:02.504438	1	24	30	0
2019-09-23 08:45:02.235033	1	24	30	0
2019-09-23 08:50:01.987571	1	24	30	0
2019-09-23 08:55:01.729170	1	24	30	0
2019-09-23 09:00:02.418211	2	23	30	0
2019-09-23 09:05:02.128381	1	24	30	0
2019-09-23 09:10:02.023445	1	24	30	0
2019-09-23 09:15:01.702555	3	22	30	0
2019-09-23 09:20:02.484882	1	24	30	0
2019-09-23 09:25:02.156469	1	24	30	0
2019-09-23 09:30:01.822221	1	24	30	0
2019-09-23 09:35:02.474173	1	24	29	1
2019-09-23 09:40:02.255801	1	24	29	1
2019-09-23 09:45:01.949011	1	24	29	1
2019-09-23 09:50:01.637951	0	25	29	1
2019-09-23 09:55:02.256568	1	24	28	2
2019-09-23 19:00:02.602580	13	12	1	28
2019-09-23 19:05:02.340301	17	8	1	29
2019-09-23 19:10:02.303733	15	10	0	30
2019-09-23 19:15:02.005474	15	10	0	30
2019-09-23 19:20:01.823571	15	10	0	30
2019-09-23 19:25:02.633162	17	8	0	30
2019-09-23 19:30:02.312330	17	8	0	30
2019-09-23 19:35:02.059002	18	7	0	30
2019-09-23 19:40:01.937608	19	6	0	30
2019-09-23 19:45:01.633533	20	5	0	30
2019-09-23 19:50:02.332208	21	4	0	30
2019-09-23 19:55:01.985433	24	1	0	30
2019-09-23 20:00:01.733251	24	1	2	28
2019-09-23 20:05:02.469988	24	1	2	28
2019-09-23 20:10:02.241497	24	1	2	28
2019-09-23 20:15:01.914085	24	1	0	30
2019-09-23 20:20:01.661437	23	2	0	30
2019-09-23 20:25:02.322369	24	1	0	30
2019-09-23 20:30:01.995695	24	1	0	30
2019-09-23 20:35:01.646813	24	1	1	29
2019-09-23 20:40:02.490006	24	1	1	29
2019-09-23 20:45:02.181852	24	1	1	29
2019-09-23 20:50:01.917083	24	1	1	29
2019-09-23 20:55:01.575244	24	1	1	29
2019-09-23 21:00:02.416965	24	1	1	29
2019-09-23 21:05:02.107701	25	0	1	29
2019-09-23 21:10:01.918492	22	3	0	30
2019-09-23 21:15:01.599054	25	0	0	30
2019-09-23 21:20:02.332480	25	0	0	30
2019-09-23 21:25:02.052614	24	1	0	30
2019-09-23 21:30:01.732778	25	0	0	30
2019-09-23 21:35:02.398266	22	3	0	30
2019-09-23 21:40:02.210952	22	3	0	30
2019-09-23 21:45:01.940293	24	1	0	30
2019-09-23 21:50:01.685605	24	1	0	30
2019-09-23 21:55:02.382883	24	1	0	30
2019-09-24 07:00:01.946258	24	1	6	24
2019-09-24 07:05:01.734961	25	0	6	24
2019-09-24 07:10:02.735851	25	0	6	24
2019-09-24 07:15:02.398404	25	0	7	23
2019-09-24 07:20:02.148904	25	0	7	23
2019-09-24 07:25:01.859607	25	0	7	23
2019-09-24 07:30:02.557244	25	0	8	22
2019-09-24 07:35:02.405845	25	0	8	22
2019-09-24 07:40:02.265665	22	3	9	21
2019-09-24 07:45:01.958292	19	6	10	20
2019-09-24 07:50:01.664723	15	10	12	18
2019-09-24 07:55:02.404695	11	14	14	16
2019-09-24 08:00:02.124839	8	17	18	12
2019-09-24 08:05:01.851932	6	19	25	5
2019-09-24 08:10:01.628643	5	20	28	2
2019-09-24 08:15:02.336266	3	22	30	0
2019-09-24 08:20:02.034115	1	24	30	0
2019-09-24 08:25:01.689543	0	25	30	0
2019-09-24 08:30:02.371936	0	25	30	0
2019-09-24 08:35:02.107464	0	25	30	0
2019-09-24 08:40:01.960895	0	25	30	0
2019-09-24 08:45:01.633476	0	25	30	0
2019-09-24 08:50:02.401698	0	25	30	0
2019-09-24 08:55:02.090225	0	25	30	0
2019-09-24 09:00:01.815403	0	25	30	0
2019-09-24 09:05:02.465033	1	24	30	0
2019-09-24 09:10:02.215782	2	23	30	0
2019-09-24 09:15:01.905204	0	25	30	0
2019-09-24 09:20:01.621636	0	25	30	0
2019-09-24 09:25:02.355445	1	24	30	0
2019-09-24 09:30:02.018810	1	24	29	1
2019-09-24 09:35:01.692458	1	24	30	0
2019-09-24 09:40:02.538938	0	25	29	1
2019-09-24 09:45:02.213220	0	25	28	1
2019-09-24 09:50:01.957683	1	24	28	1
2019-09-24 09:55:01.625581	1	24	28	1
2019-09-24 19:00:02.189811	17	8	1	29
2019-09-24 19:05:01.891415	18	7	1	29
2019-09-24 19:10:01.657010	19	6	2	28
2019-09-24 19:15:02.318844	21	4	2	28
2019-09-24 19:20:02.027969	22	3	2	28
2019-09-24 19:25:01.697294	25	0	4	26
2019-09-24 19:30:02.385395	24	1	4	26
2019-09-24 19:35:02.010320	25	0	4	26
2019-09-24 19:40:01.793139	25	0	3	27
2019-09-24 19:45:02.522084	25	0	3	27
2019-09-24 19:50:02.145267	25	0	3	27
2019-09-24 19:55:01.814858	25	0	2	28
2019-09-24 20:00:02.532869	25	0	2	28
2019-09-24 20:05:02.201587	25	0	1	29
2019-09-24 20:10:01.943911	24	1	0	30
2019-09-24 20:15:01.580940	25	0	0	30
2019-09-24 20:20:02.295892	24	1	0	30
2019-09-24 20:25:01.970825	24	1	0	30
2019-09-24 20:30:01.906212	24	1	0	30
2019-09-24 20:35:01.555909	25	0	0	30
2019-09-24 20:40:02.336990	25	0	1	29
2019-09-24 20:45:01.968933	24	1	1	29
2019-09-24 20:50:01.676277	25	0	0	30
2019-09-24 20:55:02.325513	25	0	0	30
2019-09-24 21:00:02.069845	25	0	0	30
2019-09-24 21:05:01.728306	25	0	0	30
2019-09-24 21:10:02.432201	25	0	0	30
2019-09-24 21:15:02.135587	25	0	0	30
2019-09-24 21:20:01.825669	25	0	0	30
2019-09-24 21:25:02.505496	25	0	0	30
2019-09-24 21:30:02.174105	24	1	0	30
2019-09-24 21:35:01.848373	22	3	0	30
2019-09-24 21:40:01.740362	23	2	0	30
2019-09-24 21:45:02.430308	23	2	0	30
2019-09-24 21:50:02.065104	24	1	0	30
2019-09-24 21:55:01.784020	25	0	0	30
2019-09-25 07:00:02.735215	23	2	5	25
2019-09-25 07:05:02.533695	23	2	5	25
2019-09-25 07:10:02.347808	23	2	5	25
2019-09-25 07:15:02.016097	23	2	6	24
2019-09-25 07:20:01.792413	23	2	6	24
2019-09-25 07:25:02.463779	22	3	6	24
2019-09-25 07:30:02.152323	22	3	6	24
2019-09-25 07:35:01.817081	22	3	7	23
2019-09-25 07:40:01.696398	19	6	8	22
2019-09-25 07:45:02.388492	15	10	10	20
2019-09-25 07:50:02.079288	13	12	10	20
2019-09-25 07:55:01.782470	6	19	13	17
2019-09-25 08:00:02.512036	0	25	15	15
2019-09-25 08:05:02.240946	1	24	21	9
2019-09-25 08:10:02.140923	2	23	23	7
2019-09-25 08:15:01.820017	0	25	25	5
2019-09-25 08:20:02.520735	0	25	28	2
2019-09-25 08:25:02.246248	0	25	30	0
2019-09-25 08:30:01.927757	0	25	30	0
2019-09-25 08:35:01.669373	0	25	30	0
2019-09-25 08:40:02.462375	10	15	30	0
2019-09-25 08:45:02.131853	13	12	30	0
2019-09-25 08:50:01.836642	13	12	30	0
2019-09-25 08:55:02.547147	12	13	30	0
2019-09-25 09:00:02.251838	11	14	30	0
2019-09-25 09:05:01.942490	9	16	30	0
2019-09-25 09:10:01.778326	8	17	30	0
2019-09-25 09:15:02.725454	7	18	30	0
2019-09-25 09:20:02.454203	7	18	30	0
2019-09-25 09:25:02.134165	2	23	30	0
2019-09-25 09:30:01.833606	0	25	30	0
2019-09-25 09:35:02.512079	0	25	29	1
2019-09-25 09:40:02.374195	0	25	30	0
2019-09-25 09:45:02.066630	0	25	29	1
2019-09-25 09:50:01.736888	5	20	30	0
2019-09-25 09:55:02.388429	6	19	30	0
2019-09-25 19:00:02.620673	14	11	0	30
2019-09-25 19:05:02.284063	14	11	0	30
2019-09-25 19:10:02.056305	18	7	0	30
2019-09-25 19:15:01.759367	20	5	0	30
2019-09-25 19:20:02.464422	21	4	0	30
2019-09-25 19:25:02.256142	24	1	0	30
2019-09-25 19:30:01.986877	25	0	0	30
2019-09-25 19:35:01.639591	25	0	0	30
2019-09-25 19:40:02.446293	23	2	0	30
2019-09-25 19:45:02.133014	23	2	0	30
2019-09-25 19:50:01.813612	22	3	0	30
2019-09-25 19:55:02.523556	23	2	0	30
2019-09-25 20:00:02.245944	23	2	0	30
2019-09-25 20:05:01.955140	23	2	0	30
2019-09-25 20:10:01.776122	25	0	0	30
2019-09-25 20:15:02.449621	25	0	0	30
2019-09-25 20:20:02.145100	25	0	0	30
2019-09-25 20:25:01.909984	24	1	0	30
2019-09-25 20:30:01.558064	24	1	0	30
2019-09-25 20:35:02.248973	24	1	0	30
2019-09-25 20:40:02.057533	24	1	0	30
2019-09-25 20:45:01.754323	22	3	0	30
2019-09-25 20:50:02.472328	23	2	0	30
2019-09-25 20:55:02.177560	23	2	0	30
2019-09-25 21:00:01.925394	22	3	0	30
2019-09-25 21:05:01.617814	22	3	0	30
2019-09-25 21:10:02.461418	21	4	0	30
2019-09-25 21:15:02.149597	21	4	0	30
2019-09-25 21:20:01.889946	22	3	0	30
2019-09-25 21:25:02.527271	21	4	0	30
2019-09-25 21:30:03.068234	21	4	0	30
2019-09-25 21:35:01.766958	21	4	0	30
2019-09-25 21:40:02.586814	24	1	0	30
2019-09-25 21:45:02.310255	25	0	0	30
2019-09-25 21:50:02.131019	24	1	0	30
2019-09-25 21:55:01.781138	25	0	0	30
2019-09-26 07:00:02.306601	24	1	4	26
2019-09-26 07:05:02.001283	24	1	4	26
2019-09-26 07:10:01.881227	24	1	4	26
2019-09-26 07:15:02.566050	24	1	5	25
2019-09-26 07:20:02.359482	23	2	5	25
2019-09-26 07:25:02.054834	23	2	5	25
2019-09-26 07:30:01.807013	22	3	5	25
2019-09-26 07:35:02.481777	22	3	5	25
2019-09-26 07:40:02.317758	20	5	6	24
2019-09-26 07:45:01.958128	17	8	8	22
2019-09-26 07:50:01.655294	16	9	8	22
2019-09-26 07:55:02.338145	13	12	13	17
2019-09-26 08:00:02.072773	12	13	14	16
2019-09-26 08:05:01.774492	10	15	20	10
2019-09-26 08:10:02.542075	10	15	21	9
2019-09-26 08:15:02.191479	10	15	27	3
2019-09-26 08:20:01.933065	7	18	29	1
2019-09-26 08:25:01.599694	6	19	30	0
2019-09-26 08:30:02.319312	5	20	30	0
2019-09-26 08:35:02.008420	4	21	30	0
2019-09-26 08:40:01.846905	4	21	30	0
2019-09-26 08:45:02.531556	2	23	29	1
2019-09-26 08:50:02.231383	0	25	29	1
2019-09-26 08:55:01.942312	0	25	30	0
2019-09-26 09:00:01.647528	0	25	30	0
2019-09-26 09:05:02.385302	0	25	30	0
2019-09-26 09:10:02.714591	1	24	30	0
2019-09-26 09:15:02.487753	1	24	30	0
2019-09-26 09:20:02.285905	1	24	30	0
2019-09-26 09:25:01.986634	2	23	30	0
2019-09-26 09:30:01.662531	2	23	30	0
2019-09-26 09:35:02.382290	0	25	28	2
2019-09-26 09:40:02.284367	0	25	28	2
2019-09-26 09:45:01.997225	0	25	28	2
2019-09-26 09:50:01.667911	0	25	28	2
2019-09-26 09:55:02.361057	0	25	27	3
2019-09-26 19:00:01.836042	16	9	0	30
2019-09-26 19:05:02.518696	17	8	0	30
2019-09-26 19:10:02.362167	21	4	0	30
2019-09-26 19:15:02.008115	21	4	1	29
2019-09-26 19:20:01.762980	23	2	2	28
2019-09-26 19:25:02.403476	21	4	2	28
2019-09-26 19:30:02.078451	21	4	2	28
2019-09-26 19:35:01.726811	23	2	4	26
2019-09-26 19:40:02.763948	24	1	4	26
2019-09-26 19:45:02.408300	25	0	3	27
2019-09-26 19:50:02.097027	25	0	3	27
2019-09-26 19:55:01.793045	25	0	3	27
2019-09-26 20:00:02.571024	25	0	3	27
2019-09-26 20:05:02.254238	25	0	0	30
2019-09-26 20:10:02.069606	25	0	0	30
2019-09-26 20:15:02.056820	25	0	0	30
2019-09-26 20:20:01.794587	25	0	1	29
2019-09-26 20:25:02.498764	25	0	1	29
2019-09-26 20:30:02.197485	25	0	1	29
2019-09-26 20:35:01.875565	25	0	1	29
2019-09-26 20:40:01.741105	24	1	0	30
2019-09-26 20:45:02.437828	24	1	0	30
2019-09-26 20:50:02.108564	24	1	0	30
2019-09-26 20:55:01.790263	24	1	0	30
2019-09-26 21:00:02.666984	24	1	0	30
2019-09-26 21:05:02.322155	21	4	0	30
2019-09-26 21:10:02.116630	22	3	0	30
2019-09-26 21:15:01.814158	23	2	0	30
2019-09-26 21:20:02.520404	24	1	0	30
2019-09-26 21:25:02.233679	23	2	0	30
2019-09-26 21:30:01.888479	23	2	0	30
2019-09-26 21:35:01.643336	22	3	0	30
2019-09-26 21:40:02.453960	22	3	0	30
2019-09-26 21:45:02.417265	22	3	0	30
2019-09-26 21:50:02.083200	22	3	0	30
2019-09-26 21:55:01.737913	23	2	0	30
2019-09-27 07:00:02.496728	22	3	5	25
2019-09-27 07:05:02.206344	22	3	5	25
2019-09-27 07:10:02.001594	21	4	5	25
2019-09-27 07:15:01.635500	21	4	5	25
2019-09-27 07:20:02.404466	20	5	6	24
2019-09-27 07:25:02.045621	20	5	6	24
2019-09-27 07:30:01.788323	20	5	6	24
2019-09-27 07:35:02.488844	20	5	6	24
2019-09-27 07:40:02.354840	18	7	7	23
2019-09-27 07:45:02.059879	17	8	7	23
2019-09-27 07:50:01.796675	14	11	9	21
2019-09-27 07:55:02.539677	11	14	10	20
2019-09-27 08:00:02.312918	10	15	13	17
2019-09-27 08:05:02.095505	7	18	16	14
2019-09-27 08:10:01.918033	6	19	21	9
2019-09-27 08:15:01.601801	3	22	24	6
2019-09-27 08:20:02.379940	3	21	27	3
2019-09-27 08:25:02.061545	3	21	28	2
2019-09-27 08:30:01.774019	3	22	30	0
2019-09-27 08:35:02.474061	3	22	30	0
2019-09-27 08:40:02.311560	3	22	30	0
2019-09-27 08:45:02.031924	0	23	29	1
2019-09-27 08:50:01.728749	1	23	30	0
2019-09-27 08:55:02.404306	1	23	30	0
2019-09-27 09:00:02.125705	0	24	30	0
2019-09-27 09:05:01.821929	0	24	30	0
2019-09-27 09:10:01.689992	0	24	30	0
2019-09-27 09:15:02.400076	0	24	30	0
2019-09-27 09:20:02.138774	0	24	30	0
2019-09-27 09:25:01.919219	0	24	30	0
2019-09-27 09:30:01.546451	0	24	30	0
2019-09-27 09:35:02.272576	0	24	30	0
2019-09-27 09:40:02.097730	0	24	29	1
2019-09-27 09:45:01.784631	0	24	29	1
2019-09-27 09:50:02.491383	0	24	29	1
2019-09-27 09:55:02.226794	1	23	29	1
2019-09-27 19:00:02.269206	3	22	0	30
2019-09-27 19:05:01.965061	2	23	0	30
2019-09-27 19:10:01.757917	0	25	0	30
2019-09-27 19:15:02.443197	1	24	0	30
2019-09-27 19:20:02.208920	1	24	0	30
2019-09-27 19:25:01.873008	3	22	0	30
2019-09-27 19:30:02.565130	4	21	0	30
2019-09-27 19:35:02.266920	3	22	0	30
2019-09-27 19:40:02.133303	3	22	0	30
2019-09-27 19:45:26.849524	4	21	0	30
2019-09-27 19:50:02.539176	2	23	0	30
2019-09-27 19:55:02.232152	3	22	0	30
2019-09-27 20:00:02.072041	4	21	0	30
2019-09-27 20:05:01.727372	4	21	0	30
2019-09-27 20:10:02.477465	5	20	0	30
2019-09-27 20:15:02.131926	5	20	0	30
2019-09-27 20:20:01.891453	4	21	0	30
2019-09-27 20:25:01.614983	4	21	1	29
2019-09-27 20:30:02.586944	4	21	0	30
2019-09-27 20:35:02.343737	4	21	0	30
2019-09-27 20:40:02.183697	4	21	0	30
2019-09-27 20:45:01.848022	3	22	0	30
2019-09-27 20:50:02.510158	5	20	0	30
2019-09-27 20:55:02.217477	6	19	0	30
2019-09-27 21:00:01.964276	8	17	0	30
2019-09-27 21:05:01.667799	10	15	0	30
2019-09-27 21:10:02.456205	10	15	0	30
2019-09-27 21:15:02.155374	13	12	0	30
2019-09-27 21:20:01.894283	14	11	0	30
2019-09-27 21:25:02.579002	16	9	0	30
2019-09-27 21:30:02.263196	15	10	0	30
2019-09-27 21:35:01.960319	15	10	0	30
2019-09-27 21:40:01.820740	14	11	0	30
2019-09-27 21:45:02.537460	14	11	0	30
2019-09-27 21:50:02.213618	14	11	0	30
2019-09-27 21:55:01.859289	14	11	0	30
2019-09-28 07:00:01.628436	24	0	2	28
2019-09-28 07:05:02.352371	24	0	2	28
2019-09-28 07:10:02.227249	24	0	2	28
2019-09-28 07:15:01.896381	24	0	3	27
2019-09-28 07:20:01.661167	24	0	3	27
2019-09-28 07:25:02.327576	24	0	3	27
2019-09-28 07:30:02.020703	24	0	3	27
2019-09-28 07:35:01.695023	24	0	3	27
2019-09-28 07:40:02.586224	24	0	3	27
2019-09-28 07:45:02.263527	24	0	3	27
2019-09-28 07:50:01.947727	24	0	3	27
2019-09-28 07:55:01.646699	24	0	3	27
2019-09-28 08:00:02.386284	24	0	4	26
2019-09-28 08:05:02.099209	24	0	5	25
2019-09-28 08:10:01.968242	22	2	5	25
2019-09-28 08:15:01.687275	22	2	5	25
2019-09-28 08:20:02.408280	23	1	5	25
2019-09-28 08:25:02.068348	22	2	5	25
2019-09-28 08:30:01.755639	22	2	5	25
2019-09-28 08:35:02.416689	21	3	5	25
2019-09-28 08:40:02.204321	21	3	5	25
2019-09-28 08:45:01.918047	20	4	5	25
2019-09-28 08:50:01.576669	20	4	5	25
2019-09-28 08:55:02.288643	20	4	5	25
2019-09-28 09:00:02.049679	20	4	5	25
2019-09-28 09:05:01.755543	19	5	5	25
2019-09-28 09:10:02.518965	19	5	5	25
2019-09-28 09:15:02.199177	19	5	5	25
2019-09-28 09:20:01.937609	19	5	5	25
2019-09-28 09:25:01.583016	19	5	5	25
2019-09-28 09:30:02.272163	19	5	5	25
2019-09-28 09:35:02.008508	19	5	5	25
2019-09-28 09:40:01.812914	20	4	5	25
2019-09-28 09:45:02.498335	20	4	5	25
2019-09-28 09:50:02.188640	21	3	5	25
2019-09-28 09:55:01.839472	21	3	6	24
2019-09-28 19:00:01.996926	1	23	7	23
2019-09-28 19:05:01.682425	2	22	7	23
2019-09-28 19:10:02.481971	1	23	7	23
2019-09-28 19:15:02.150302	1	23	7	23
2019-09-28 19:20:01.915804	0	24	7	23
2019-09-28 19:25:01.588482	0	24	7	23
2019-09-28 19:30:02.272569	0	24	7	23
2019-09-28 19:35:02.011239	0	24	7	23
2019-09-28 19:40:01.840122	0	24	7	23
2019-09-28 19:45:01.587796	2	21	7	23
2019-09-28 19:50:02.280742	2	21	7	23
2019-09-28 19:55:01.939894	2	22	7	23
2019-09-28 20:00:01.670557	1	23	7	23
2019-09-28 20:05:02.391596	1	23	7	23
2019-09-28 20:10:02.170420	2	22	7	23
2019-09-28 20:15:01.833039	1	23	7	23
2019-09-28 20:20:02.564462	1	23	7	23
2019-09-28 20:25:02.235505	1	23	7	23
2019-09-28 20:30:01.933567	2	22	7	23
2019-09-28 20:35:01.637558	2	22	7	23
2019-09-28 20:40:27.474696	2	22	7	23
2019-09-28 20:45:02.164062	1	23	7	23
2019-09-28 20:50:01.838429	2	22	7	23
2019-09-28 20:55:02.526480	2	22	7	23
2019-09-28 21:00:02.334376	1	23	7	23
2019-09-28 21:05:02.023380	2	22	7	23
2019-09-28 21:10:01.830330	2	22	7	23
2019-09-28 21:15:02.559860	4	20	7	23
2019-09-28 21:20:02.304805	5	19	7	23
2019-09-28 21:25:01.949759	4	20	7	23
2019-09-28 21:30:01.626546	4	20	7	23
2019-09-28 21:35:02.281497	4	20	7	23
2019-09-28 21:40:02.088562	4	20	7	23
2019-09-28 21:45:01.822860	4	20	7	23
2019-09-28 21:50:02.491448	8	16	7	23
2019-09-28 21:55:02.156711	9	15	7	23
2019-09-29 07:00:01.905669	18	6	7	23
2019-09-29 07:05:01.623339	18	6	7	23
2019-09-29 07:10:02.422193	18	6	7	23
2019-09-29 07:15:02.076632	18	6	7	23
2019-09-29 07:20:01.858932	18	6	7	23
2019-09-29 07:25:02.540528	19	5	7	23
2019-09-29 07:30:02.228060	19	5	7	23
2019-09-29 07:35:01.877425	19	5	7	23
2019-09-29 07:40:01.746858	20	4	7	23
2019-09-29 07:45:02.456407	20	4	7	23
2019-09-29 07:50:02.156398	20	4	7	23
2019-09-29 07:55:01.808200	20	4	7	23
2019-09-29 08:00:02.573701	20	4	7	23
2019-09-29 08:05:02.219129	20	4	7	23
2019-09-29 08:10:02.034203	20	4	7	23
2019-09-29 08:15:01.722473	20	4	7	23
2019-09-29 08:20:02.438532	19	5	7	23
2019-09-29 08:25:02.089874	19	5	7	23
2019-09-29 08:30:01.793676	19	5	7	23
2019-09-29 08:35:02.485508	19	5	7	23
2019-09-29 08:40:02.327023	19	5	7	23
2019-09-29 08:45:01.999910	19	5	7	23
2019-09-29 08:50:01.694507	19	5	7	23
2019-09-29 08:55:02.368804	20	4	7	23
2019-09-29 09:00:02.090990	20	4	7	23
2019-09-29 09:05:01.768219	21	3	7	23
2019-09-29 09:10:01.678804	21	3	7	23
2019-09-29 09:15:02.329119	21	3	7	23
2019-09-29 09:20:02.044332	21	3	7	23
2019-09-29 09:25:01.699228	21	3	7	23
2019-09-29 09:30:02.330947	21	3	7	23
2019-09-29 09:35:02.006204	21	3	7	23
2019-09-29 09:40:01.803815	20	4	7	23
2019-09-29 09:45:02.487177	18	6	7	23
2019-09-29 09:50:02.160503	18	6	7	23
2019-09-29 09:55:01.847193	18	6	7	23
2019-09-29 19:00:01.639051	1	23	6	24
2019-09-29 19:05:02.294694	0	24	6	24
2019-09-29 19:10:02.107951	1	23	6	24
2019-09-29 19:15:01.832420	1	23	6	24
2019-09-29 19:20:02.573777	1	23	6	24
2019-09-29 19:25:02.261787	1	23	6	24
2019-09-29 19:30:01.988191	1	23	6	24
2019-09-29 19:35:01.701741	2	22	6	24
2019-09-29 19:40:02.477331	2	22	6	24
2019-09-29 19:45:02.169042	2	22	6	24
2019-09-29 19:50:01.927824	1	23	6	24
2019-09-29 19:55:01.562946	2	22	6	24
2019-09-29 20:00:02.266560	2	22	6	24
2019-09-29 20:05:01.953267	2	22	6	24
2019-09-29 20:10:01.790097	2	22	6	24
2019-09-29 20:15:02.469585	3	21	6	24
2019-09-29 20:20:02.218129	3	21	6	24
2019-09-29 20:25:01.857844	4	20	6	24
2019-09-29 20:30:01.596852	4	20	6	24
2019-09-29 20:35:02.291450	3	21	6	24
2019-09-29 20:40:02.123124	1	23	6	24
2019-09-29 20:45:01.823030	3	21	6	24
2019-09-29 20:50:02.492624	7	17	6	24
2019-09-29 20:55:02.209600	7	17	6	24
2019-09-29 21:00:02.074445	6	18	6	24
2019-09-29 21:05:01.748970	5	19	6	24
2019-09-29 21:10:02.530976	3	21	6	24
2019-09-29 21:15:02.227944	5	19	6	24
2019-09-29 21:20:01.969090	5	19	6	24
2019-09-29 21:25:01.625151	6	18	6	24
2019-09-29 21:30:02.345175	6	18	6	24
2019-09-29 21:35:02.004984	6	18	6	24
2019-09-29 21:40:01.883802	7	17	6	24
2019-09-29 21:45:02.759877	9	15	6	24
2019-09-29 21:50:02.488068	9	15	6	24
2019-09-29 21:55:02.179276	9	15	6	24
2019-09-30 07:00:01.838400	23	1	10	20
2019-09-30 07:05:02.558055	23	1	10	20
2019-09-30 07:10:02.344652	24	0	10	20
2019-09-30 07:15:02.020678	24	0	10	20
2019-09-30 07:20:01.759381	24	0	11	19
2019-09-30 07:25:02.458693	24	0	11	19
2019-09-30 07:30:02.238630	24	0	12	18
2019-09-30 07:35:02.040896	24	0	12	18
2019-09-30 07:40:01.829414	23	1	13	17
2019-09-30 07:45:02.521279	19	5	14	16
2019-09-30 07:50:02.209921	15	9	17	13
2019-09-30 07:55:01.896044	11	13	19	11
2019-09-30 08:00:02.601759	8	16	19	11
2019-09-30 08:05:02.364956	4	20	27	3
2019-09-30 08:10:02.159799	1	23	29	1
2019-09-30 08:15:01.842917	3	21	29	1
2019-09-30 08:20:02.588355	2	22	29	1
2019-09-30 08:25:02.267662	1	23	30	0
2019-09-30 08:30:01.966601	1	23	30	0
2019-09-30 08:35:01.669489	1	23	30	0
2019-09-30 08:40:02.466396	1	23	30	0
2019-09-30 08:45:02.180095	1	23	30	0
2019-09-30 08:50:01.948918	1	23	30	0
2019-09-30 08:55:01.637443	1	23	30	0
2019-09-30 09:00:02.383522	1	23	30	0
2019-09-30 09:05:02.063181	1	23	30	0
2019-09-30 09:10:01.819934	1	23	30	0
2019-09-30 09:15:02.567453	1	23	30	0
2019-09-30 09:20:02.316444	2	22	30	0
2019-09-30 09:25:02.003111	2	22	30	0
2019-09-30 09:30:01.655386	1	23	30	0
2019-09-30 09:35:02.376848	1	23	30	0
2019-09-30 09:40:02.246286	1	23	30	0
2019-09-30 09:45:01.953101	1	23	30	0
2019-09-30 09:50:01.665668	1	23	30	0
2019-09-30 09:55:02.354541	2	22	29	1
2019-09-30 19:00:02.341457	24	0	4	26
2019-09-30 19:05:02.007817	24	0	4	26
2019-09-30 19:10:01.821593	24	0	3	27
2019-09-30 19:15:02.536813	24	0	3	27
2019-09-30 19:20:02.280527	24	0	3	27
2019-09-30 19:25:02.036549	24	0	3	27
2019-09-30 19:30:01.782399	24	0	3	27
2019-09-30 19:35:02.476883	24	0	3	27
2019-09-30 19:40:02.301714	24	0	0	30
2019-09-30 19:45:02.159186	22	2	0	30
2019-09-30 19:50:01.825133	21	3	0	30
2019-09-30 19:55:02.551551	23	1	0	30
2019-09-30 20:00:02.453004	22	2	0	30
2019-09-30 20:05:02.156138	23	1	0	30
2019-09-30 20:10:01.958058	23	1	0	30
2019-09-30 20:15:01.641702	23	1	0	30
2019-09-30 20:20:02.333062	22	2	0	30
2019-09-30 20:25:02.054213	23	1	0	30
2019-09-30 20:30:01.880712	24	0	0	30
2019-09-30 20:35:02.591083	24	0	0	30
2019-09-30 20:40:02.428970	22	2	1	29
2019-09-30 20:45:02.086972	22	2	1	29
2019-09-30 20:50:01.785858	21	3	0	30
2019-09-30 20:55:02.446167	24	0	0	30
2019-09-30 21:00:02.185127	24	0	0	30
2019-09-30 21:05:01.899188	24	0	0	30
2019-09-30 21:10:01.681158	24	0	0	30
2019-09-30 21:15:02.404779	24	0	0	30
2019-09-30 21:20:02.099446	24	0	0	30
2019-09-30 21:25:01.793961	24	0	0	30
2019-09-30 21:30:02.429662	22	2	0	30
2019-09-30 21:35:02.203125	24	0	0	30
2019-09-30 21:40:02.031009	24	0	0	30
2019-09-30 21:45:01.751523	24	0	0	30
2019-09-30 21:50:02.435182	23	1	0	30
2019-09-30 21:55:02.140092	23	1	0	30
2019-10-01 07:00:02.125639	22	2	3	27
2019-10-01 07:05:01.815872	22	2	3	27
2019-10-01 07:10:01.598802	22	2	3	27
2019-10-01 07:15:02.291974	22	2	4	26
2019-10-01 07:20:02.038088	22	2	4	26
2019-10-01 07:25:01.687336	22	2	4	26
2019-10-01 07:30:02.395113	22	2	4	26
2019-10-01 07:35:02.091916	22	2	4	26
2019-10-01 07:40:01.875719	20	4	5	25
2019-10-01 07:45:02.571909	17	7	5	25
2019-10-01 07:50:02.309803	16	8	9	21
2019-10-01 07:55:02.109512	12	12	14	16
2019-10-01 08:00:01.853412	13	11	19	11
2019-10-01 08:05:02.595427	13	11	25	5
2019-10-01 08:10:02.410624	11	13	30	0
2019-10-01 08:15:02.127094	5	19	30	0
2019-10-01 08:20:01.823961	3	21	30	0
2019-10-01 08:25:02.571501	1	23	30	0
2019-10-01 08:30:02.250104	1	23	30	0
2019-10-01 08:35:01.934480	1	23	30	0
2019-10-01 08:40:01.757383	2	22	30	0
2019-10-01 08:45:02.449175	2	22	30	0
2019-10-01 08:50:02.167765	2	22	30	0
2019-10-01 08:55:01.832069	2	22	30	0
2019-10-01 09:00:02.604227	1	23	30	0
2019-10-01 09:05:02.273903	1	23	30	0
2019-10-01 09:10:02.053236	1	23	30	0
2019-10-01 09:15:01.726963	1	23	30	0
2019-10-01 09:20:02.485997	1	23	30	0
2019-10-01 09:25:02.333603	1	23	30	0
2019-10-01 09:30:02.050894	0	24	30	0
2019-10-01 09:35:01.738143	0	24	30	0
2019-10-01 09:40:02.554487	0	24	29	1
2019-10-01 09:45:02.225636	0	24	28	2
2019-10-01 09:50:01.901381	0	24	27	3
2019-10-01 09:55:01.570944	0	24	27	3
2019-10-01 19:00:02.674549	16	9	8	21
2019-10-01 19:05:02.401377	18	7	7	23
2019-10-01 19:10:02.190394	18	7	7	23
2019-10-01 19:15:01.853988	20	5	7	23
2019-10-01 19:20:02.624035	25	0	8	22
2019-10-01 19:25:02.328505	24	1	5	25
2019-10-01 19:30:02.023524	23	2	4	26
2019-10-01 19:35:01.725464	24	1	3	27
2019-10-01 19:40:02.584740	25	0	0	30
2019-10-01 19:45:02.264476	25	0	1	29
2019-10-01 19:50:01.965270	25	0	1	29
2019-10-01 19:55:01.640377	24	1	0	30
2019-10-01 20:00:02.348331	25	0	0	30
2019-10-01 20:05:02.040372	25	0	0	30
2019-10-01 20:10:01.816584	25	0	0	30
2019-10-01 20:15:02.592382	25	0	0	30
2019-10-01 20:20:02.366139	24	1	0	30
2019-10-01 20:25:02.086380	25	0	0	30
2019-10-01 20:30:01.882184	24	1	0	30
2019-10-01 20:35:02.607635	23	2	0	30
2019-10-01 20:40:02.403119	23	2	0	30
2019-10-01 20:45:02.037309	23	2	0	30
2019-10-01 20:50:01.826791	24	1	0	30
2019-10-01 20:55:01.620121	22	3	0	30
2019-10-01 21:00:02.375122	22	3	0	30
2019-10-01 21:05:02.050871	24	1	0	30
2019-10-01 21:10:01.815667	24	1	0	30
2019-10-01 21:15:02.574901	25	0	0	30
2019-10-01 21:20:02.367378	24	1	0	30
2019-10-01 21:25:02.057710	25	0	0	30
2019-10-01 21:30:01.758925	25	0	0	30
2019-10-01 21:35:02.433485	24	1	0	30
2019-10-01 21:40:02.233581	25	0	0	30
2019-10-01 21:45:01.916015	25	0	0	30
2019-10-01 21:50:01.621990	24	1	0	30
2019-10-01 21:55:02.349547	25	0	0	30
2019-10-02 07:00:02.592979	20	5	6	24
2019-10-02 07:05:02.439990	19	6	6	24
2019-10-02 07:10:02.208261	19	6	6	24
2019-10-02 07:15:01.909124	19	6	7	23
2019-10-02 07:20:01.682144	19	6	7	23
2019-10-02 07:25:02.366307	19	6	7	23
2019-10-02 07:30:02.100508	19	6	7	23
2019-10-02 07:35:01.773472	19	6	8	22
2019-10-02 07:40:02.625532	16	9	9	21
2019-10-02 07:45:02.284077	13	12	12	18
2019-10-02 07:50:01.970896	2	15	13	17
2019-10-02 07:55:01.690841	11	14	14	16
2019-10-02 08:00:03.041422	7	18	18	12
2019-10-02 08:05:01.723666	6	19	28	2
2019-10-02 08:10:02.521980	5	20	30	0
2019-10-02 08:15:02.222700	3	22	30	0
2019-10-02 08:20:01.955317	2	23	30	0
2019-10-02 08:25:01.624201	0	25	30	0
2019-10-02 08:30:02.371581	0	25	30	0
2019-10-02 08:35:02.053034	0	25	30	0
2019-10-02 08:40:01.927275	0	25	30	0
2019-10-02 08:45:01.594910	0	25	30	0
2019-10-02 08:50:02.236628	0	25	30	0
2019-10-02 08:55:01.910763	1	24	30	0
2019-10-02 09:00:01.690559	1	24	30	0
2019-10-02 09:05:02.382431	0	25	30	0
2019-10-02 09:10:02.139219	0	25	30	0
2019-10-02 09:15:01.805874	0	25	29	1
2019-10-02 09:20:02.563976	1	24	27	3
2019-10-02 09:25:02.255688	0	25	28	2
2019-10-02 09:30:01.954251	0	25	29	1
2019-10-02 09:35:01.629194	0	25	29	1
2019-10-02 09:40:02.533570	0	25	28	2
2019-10-02 09:45:02.280245	1	24	28	2
2019-10-02 09:50:01.963535	1	24	26	4
2019-10-02 09:55:26.708584	1	24	26	4
2019-10-02 19:00:02.077711	13	11	6	24
2019-10-02 19:05:01.741244	13	11	6	24
2019-10-02 19:10:02.479842	15	10	5	25
2019-10-02 19:15:02.135184	15	10	5	25
2019-10-02 19:20:01.877468	14	11	4	26
2019-10-02 19:25:02.628930	17	8	4	26
2019-10-02 19:30:02.301169	16	9	3	27
2019-10-02 19:35:01.969215	15	10	2	28
2019-10-02 19:40:01.776522	16	9	1	29
2019-10-02 19:45:02.456978	17	8	0	30
2019-10-02 19:50:02.108541	16	9	0	30
2019-10-02 19:55:01.834703	18	7	0	30
2019-10-02 20:00:02.617121	21	4	0	30
2019-10-02 20:05:02.340311	21	4	0	30
2019-10-02 20:10:02.123588	23	2	0	30
2019-10-02 20:15:01.817456	25	0	0	30
2019-10-02 20:20:02.641351	24	1	0	30
2019-10-02 20:25:02.314082	24	1	0	30
2019-10-02 20:30:02.021327	24	1	0	30
2019-10-02 20:35:01.711344	24	1	0	30
2019-10-02 20:40:02.507238	25	0	0	30
2019-10-02 20:45:27.178179	25	0	0	30
2019-10-02 20:50:01.854901	25	0	0	30
2019-10-02 20:55:02.531121	25	0	0	30
2019-10-02 21:00:02.277914	25	0	0	30
2019-10-02 21:05:01.967590	25	0	0	30
2019-10-02 21:10:01.784099	25	0	0	30
2019-10-02 21:15:02.449643	24	1	0	30
2019-10-02 21:20:02.171614	23	2	0	30
2019-10-02 21:25:01.827637	23	2	0	30
2019-10-02 21:30:02.551119	22	3	0	30
2019-10-02 21:35:02.250396	23	2	0	30
2019-10-02 21:40:02.068882	23	2	0	30
2019-10-02 21:45:01.709642	23	2	0	30
2019-10-02 21:50:02.402079	23	2	0	30
2019-10-02 21:55:02.060494	24	1	0	30
2019-10-03 07:00:01.753831	24	1	3	27
2019-10-03 07:05:02.464669	24	1	3	27
2019-10-03 07:10:02.260222	24	1	3	27
2019-10-03 07:15:01.946383	23	2	4	26
2019-10-03 07:20:01.783986	23	2	4	26
2019-10-03 07:25:02.474249	22	3	4	26
2019-10-03 07:30:02.162395	22	3	4	26
2019-10-03 07:35:01.830989	21	4	4	26
2019-10-03 07:40:01.623401	19	6	4	26
2019-10-03 07:45:02.288109	17	8	9	21
2019-10-03 07:50:01.980679	16	9	9	21
2019-10-03 07:55:01.664443	14	11	9	21
2019-10-03 08:00:02.418361	11	14	13	17
2019-10-03 08:05:02.159620	11	14	20	10
2019-10-03 08:10:01.895241	9	16	20	10
2019-10-03 08:15:02.579457	7	18	25	5
2019-10-03 08:20:02.288991	4	21	28	2
2019-10-03 08:25:01.999618	3	22	29	1
2019-10-03 08:30:01.689380	2	23	29	1
2019-10-03 08:35:02.337659	2	23	30	0
2019-10-03 08:40:02.147802	2	23	30	0
2019-10-03 08:45:01.802288	0	25	30	0
2019-10-03 08:50:02.537976	0	25	30	0
2019-10-03 08:55:02.232676	0	25	30	0
2019-10-03 09:00:01.956404	0	25	30	0
2019-10-03 09:05:01.613412	1	24	30	0
2019-10-03 09:10:02.405890	0	25	30	0
2019-10-03 09:15:03.041478	0	25	30	0
2019-10-03 09:20:01.793245	1	24	30	0
2019-10-03 09:25:02.475690	0	25	30	0
2019-10-03 09:30:02.205803	0	25	30	0
2019-10-03 09:35:01.901115	0	25	30	0
2019-10-03 09:40:01.713515	0	25	30	0
2019-10-03 09:45:02.350474	0	25	30	0
2019-10-03 09:50:27.092705	1	24	30	0
2019-10-03 09:55:01.764160	1	24	30	0
2019-10-03 19:00:02.213493	21	4	13	17
2019-10-03 19:05:01.950464	21	4	13	17
2019-10-03 19:10:01.699237	22	3	9	21
2019-10-03 19:15:02.384250	23	2	8	22
2019-10-03 19:20:02.110332	25	0	8	22
2019-10-03 19:25:01.757592	24	1	7	23
2019-10-03 19:30:02.442690	25	0	7	23
2019-10-03 19:35:02.280614	25	0	8	22
2019-10-03 19:40:02.105398	24	1	7	23
2019-10-03 19:45:01.818040	25	0	5	25
2019-10-03 19:50:02.499317	25	0	4	26
2019-10-03 19:55:02.207114	25	0	3	27
2019-10-03 20:00:02.061810	24	1	3	27
2019-10-03 20:05:01.767124	25	0	1	29
2019-10-03 20:10:02.555542	25	0	0	30
2019-10-03 20:15:02.207546	25	0	0	30
2019-10-03 20:20:02.206304	23	2	0	30
2019-10-03 20:25:01.884304	20	5	0	30
2019-10-03 20:30:02.581567	22	3	0	30
2019-10-03 20:35:02.235471	22	3	0	30
2019-10-03 20:40:02.135357	21	4	0	30
2019-10-03 20:45:01.793386	21	4	0	30
2019-10-03 20:50:02.495792	20	5	0	30
2019-10-03 20:55:02.161770	20	5	0	30
2019-10-03 21:00:01.976909	22	3	0	30
2019-10-03 21:05:01.652844	23	2	0	30
2019-10-03 21:10:02.429382	22	3	0	30
2019-10-03 21:15:02.118814	22	3	0	30
2019-10-03 21:20:01.810612	22	3	0	30
2019-10-03 21:25:02.457127	23	2	0	30
2019-10-03 21:30:02.151576	25	0	0	30
2019-10-03 21:35:01.865275	25	0	0	30
2019-10-03 21:40:01.648063	24	1	0	30
2019-10-03 21:45:02.292119	25	0	0	30
2019-10-03 21:50:01.979392	25	0	0	30
2019-10-03 21:55:01.625268	25	0	0	30
2019-10-04 07:00:02.335590	24	1	4	26
2019-10-04 07:05:02.025689	24	1	4	26
2019-10-04 07:10:01.845098	24	1	5	25
2019-10-04 07:15:02.485143	24	1	5	25
2019-10-04 07:20:02.201970	24	1	5	25
2019-10-04 07:25:01.870618	24	1	5	25
2019-10-04 07:30:02.601709	24	1	6	24
2019-10-04 07:35:02.261588	23	2	6	24
2019-10-04 07:40:02.161451	20	5	6	24
2019-10-04 07:45:01.817603	19	6	9	21
2019-10-04 07:50:02.471593	17	8	11	19
2019-10-04 07:55:02.149116	13	12	11	19
2019-10-04 08:00:01.900137	11	13	12	18
2019-10-04 08:05:01.598493	7	18	15	15
2019-10-04 08:10:02.465278	6	19	17	13
2019-10-04 08:15:02.207885	5	20	24	6
2019-10-04 08:20:01.966940	4	21	27	3
2019-10-04 08:25:01.635556	2	23	29	1
2019-10-04 08:30:02.293401	2	23	30	0
2019-10-04 08:35:01.935956	2	23	30	0
2019-10-04 08:40:01.733579	0	25	30	0
2019-10-04 08:45:02.390312	0	25	30	0
2019-10-04 08:50:02.075139	0	25	30	0
2019-10-04 08:55:01.927657	0	25	30	0
2019-10-04 09:00:01.770289	0	25	29	1
2019-10-04 09:05:02.526007	0	25	30	0
2019-10-04 09:10:02.261860	0	25	30	0
2019-10-04 09:15:01.939551	0	25	30	0
2019-10-04 09:20:01.652151	0	25	30	0
2019-10-04 09:25:02.292138	0	25	30	0
2019-10-04 09:30:01.941573	0	25	30	0
2019-10-04 09:35:01.620341	0	25	30	0
2019-10-04 09:40:02.513516	0	25	29	1
2019-10-04 09:45:02.243971	0	25	29	1
2019-10-04 09:50:01.942035	0	25	29	1
2019-10-04 09:55:01.644155	0	25	29	1
2019-10-04 19:00:02.567299	24	1	1	29
2019-10-04 19:05:02.276823	25	0	1	29
2019-10-04 19:10:02.021653	22	3	2	28
2019-10-04 19:15:01.799724	19	6	3	27
2019-10-04 19:20:02.530305	18	7	3	27
2019-10-04 19:25:02.148474	19	6	3	27
2019-10-04 19:30:01.864296	17	8	3	27
2019-10-04 19:35:02.543285	20	5	6	24
2019-10-04 19:40:02.345660	20	5	6	24
2019-10-04 19:45:02.010527	18	7	6	24
2019-10-04 19:50:01.708526	20	5	7	23
2019-10-04 19:55:02.367013	22	3	7	23
2019-10-04 20:00:02.130114	22	3	7	23
2019-10-04 20:05:01.842141	23	2	7	23
2019-10-04 20:10:01.623585	25	0	7	23
2019-10-04 20:15:02.296397	25	0	7	23
2019-10-04 20:20:02.036474	24	1	7	23
2019-10-04 20:25:01.792441	25	0	7	23
2019-10-04 20:30:02.579061	25	0	7	23
2019-10-04 20:35:02.342189	25	0	7	23
2019-10-04 20:40:02.165766	25	0	6	24
2019-10-04 20:45:01.829282	24	1	6	24
2019-10-04 20:50:02.510503	24	1	6	24
2019-10-04 20:55:02.162211	24	1	6	24
2019-10-04 21:00:02.039762	23	2	5	25
2019-10-04 21:05:01.794597	23	2	5	25
2019-10-04 21:10:01.591461	24	1	5	25
2019-10-04 21:15:02.256939	23	2	4	26
2019-10-04 21:20:01.999708	22	3	4	26
2019-10-04 21:25:01.630347	21	4	3	27
2019-10-04 21:30:02.305345	21	4	3	27
2019-10-04 21:35:02.020000	23	2	3	27
2019-10-04 21:40:01.853695	23	2	3	27
2019-10-04 21:45:02.514135	23	2	3	27
2019-10-04 21:50:02.206277	23	2	3	27
2019-10-04 21:55:01.911720	23	2	3	27
2019-10-05 07:00:02.013995	24	1	3	27
2019-10-05 07:05:01.712747	24	1	3	27
2019-10-05 07:10:02.463187	24	1	3	27
2019-10-05 07:15:02.128279	24	1	3	27
2019-10-05 07:20:01.891993	25	0	3	27
2019-10-05 07:25:02.534349	24	1	3	27
2019-10-05 07:30:02.200358	24	1	3	27
2019-10-05 07:35:01.862489	24	1	3	27
2019-10-05 07:40:01.658775	24	1	3	27
2019-10-05 07:45:02.342311	24	1	3	27
2019-10-05 07:50:01.980909	24	1	3	27
2019-10-05 07:55:01.649228	24	1	3	27
2019-10-05 08:00:02.400864	24	1	4	26
2019-10-05 08:05:02.089644	24	1	4	26
2019-10-05 08:10:01.867089	24	1	4	26
2019-10-05 08:15:02.522760	24	1	4	26
2019-10-05 08:20:02.262546	25	0	4	26
2019-10-05 08:25:01.961384	25	0	4	26
2019-10-05 08:30:01.694569	25	0	4	26
2019-10-05 08:35:02.365150	25	0	4	26
2019-10-05 08:40:02.198683	24	1	4	26
2019-10-05 08:45:01.862922	24	1	4	26
2019-10-05 08:50:02.591977	25	0	4	26
2019-10-05 08:55:02.339742	24	1	4	26
2019-10-05 09:00:02.201786	24	1	5	25
2019-10-05 09:05:01.925967	25	0	5	25
2019-10-05 09:10:01.699589	25	0	5	25
2019-10-05 09:15:02.372421	25	0	5	25
2019-10-05 09:20:02.070133	25	0	5	25
2019-10-05 09:25:01.836616	24	1	5	25
2019-10-05 09:30:02.521864	22	3	5	25
2019-10-05 09:35:02.184758	22	3	5	25
2019-10-05 09:40:01.983772	22	3	5	25
2019-10-05 09:45:01.646004	21	4	5	25
2019-10-05 09:50:02.317867	21	4	5	25
2019-10-05 09:55:02.055975	21	4	5	25
2019-10-05 19:00:01.767440	4	21	4	26
2019-10-05 19:05:02.513139	3	22	4	26
2019-10-05 19:10:02.293063	3	22	4	26
2019-10-05 19:15:01.977644	3	22	4	26
2019-10-05 19:20:01.775665	4	21	4	26
2019-10-05 19:25:02.429738	4	21	4	26
2019-10-05 19:30:02.202870	4	21	4	26
2019-10-05 19:35:01.862941	3	22	4	26
2019-10-05 19:40:01.716440	3	22	4	26
2019-10-05 19:45:02.421032	5	20	4	26
2019-10-05 19:50:02.097621	6	19	4	26
2019-10-05 19:55:01.759091	7	18	4	26
2019-10-05 20:00:02.584076	8	17	4	26
2019-10-05 20:05:02.255565	5	20	4	26
2019-10-05 20:10:02.035693	3	21	4	26
2019-10-05 20:15:01.737034	7	17	4	26
2019-10-05 20:20:02.468073	9	15	4	26
2019-10-05 20:25:02.116358	10	14	4	26
2019-10-05 20:30:01.837520	9	15	4	26
2019-10-05 20:35:02.510966	8	16	4	26
2019-10-05 20:40:02.369130	8	16	4	26
2019-10-05 20:45:02.144430	8	16	4	26
2019-10-05 20:50:01.810846	5	19	4	26
2019-10-05 20:55:02.517544	4	21	4	26
2019-10-05 21:00:02.290291	2	23	4	26
2019-10-05 21:05:01.958321	3	22	4	26
2019-10-05 21:10:01.721989	2	23	4	26
2019-10-05 21:15:02.410175	4	21	4	26
2019-10-05 21:20:02.142620	4	21	4	26
2019-10-05 21:25:01.809736	5	20	4	26
2019-10-05 21:30:02.501434	5	20	4	26
2019-10-05 21:35:02.172374	5	20	4	26
2019-10-05 21:40:01.998237	5	20	4	26
2019-10-05 21:45:01.694819	6	19	4	26
2019-10-05 21:50:02.425049	7	18	4	26
2019-10-05 21:55:02.079933	7	18	4	26
2019-10-06 07:00:02.740354	25	0	4	26
2019-10-06 07:05:02.631538	25	0	4	26
2019-10-06 07:10:02.693639	25	0	4	26
2019-10-06 07:15:02.457519	25	0	4	26
2019-10-06 07:20:02.267072	25	0	4	26
2019-10-06 07:25:01.956774	25	0	4	26
2019-10-06 07:30:01.637554	25	0	4	26
2019-10-06 07:35:02.425634	25	0	4	26
2019-10-06 07:40:02.365287	25	0	4	26
2019-10-06 07:45:02.026582	25	0	4	26
2019-10-06 07:50:01.714404	25	0	4	26
2019-10-06 07:55:02.403008	25	0	4	26
2019-10-06 08:00:02.236866	25	0	4	26
2019-10-06 08:05:01.893939	25	0	4	26
2019-10-06 08:10:01.727571	25	0	4	26
2019-10-06 08:15:02.487613	24	1	4	26
2019-10-06 08:20:02.308753	24	1	4	26
2019-10-06 08:25:02.033354	24	1	4	26
2019-10-06 08:30:01.723699	24	1	4	26
2019-10-06 08:35:02.441443	24	1	4	26
2019-10-06 08:40:02.336712	24	1	4	26
2019-10-06 08:45:01.993324	24	1	4	26
2019-10-06 08:50:01.698737	24	1	4	26
2019-10-06 08:55:02.412699	24	1	4	26
2019-10-06 09:00:02.235077	23	2	4	26
2019-10-06 09:05:01.962544	23	2	4	26
2019-10-06 09:10:01.889307	23	2	4	26
2019-10-06 09:15:01.705865	23	2	4	26
2019-10-06 09:20:02.545169	23	2	4	26
2019-10-06 09:25:02.211472	23	2	4	26
2019-10-06 09:30:01.963536	23	2	4	26
2019-10-06 09:35:01.679836	23	2	4	26
2019-10-06 09:40:02.542880	22	3	4	26
2019-10-06 09:45:02.194379	22	3	4	26
2019-10-06 09:50:01.868837	21	4	4	26
2019-10-06 09:55:02.602439	21	4	4	26
2019-10-06 19:00:02.482414	5	20	4	26
2019-10-06 19:05:02.269434	4	21	4	26
2019-10-06 19:10:02.078172	4	21	4	26
2019-10-06 19:15:01.793999	4	21	4	26
2019-10-06 19:20:02.556316	4	21	4	26
2019-10-06 19:25:02.303091	4	21	4	26
2019-10-06 19:30:02.078848	5	20	4	26
2019-10-06 19:35:01.814894	5	20	4	26
2019-10-06 19:40:01.722374	5	20	4	26
2019-10-06 19:45:02.555847	7	18	4	26
2019-10-06 19:50:02.242699	8	17	4	26
2019-10-06 19:55:01.955245	9	16	4	26
2019-10-06 20:00:01.791431	9	16	4	26
2019-10-06 20:05:02.544522	10	15	4	26
2019-10-06 20:10:02.324991	12	13	4	26
2019-10-06 20:15:01.997869	14	11	4	26
2019-10-06 20:20:01.775483	15	10	4	26
2019-10-06 20:25:02.593788	15	10	4	26
2019-10-06 20:30:02.285415	16	9	4	26
2019-10-06 20:35:02.072015	16	9	4	26
2019-10-06 20:40:01.926327	17	8	4	26
2019-10-06 20:45:01.605610	17	8	4	26
2019-10-06 20:50:02.290552	19	6	4	26
2019-10-06 20:55:01.973266	18	7	4	26
2019-10-06 21:00:01.706567	15	10	4	26
2019-10-06 21:05:02.419485	15	10	4	26
2019-10-06 21:10:02.174361	15	10	4	26
2019-10-06 21:15:01.866822	15	10	4	26
2019-10-06 21:20:01.634440	14	11	4	26
2019-10-06 21:25:02.331432	17	8	4	26
2019-10-06 21:30:02.055891	17	8	4	26
2019-10-06 21:35:01.743269	19	6	4	26
2019-10-06 21:40:02.592628	19	6	4	26
2019-10-06 21:45:02.323639	17	8	4	26
2019-10-06 21:50:02.004270	19	6	4	26
2019-10-06 21:55:01.669602	23	2	4	26
2019-10-07 07:00:02.202832	22	3	8	22
2019-10-07 07:05:01.958417	22	3	8	22
2019-10-07 07:10:01.756807	22	3	8	22
2019-10-07 07:15:02.473338	22	3	8	22
2019-10-07 07:20:02.319579	23	2	8	22
2019-10-07 07:25:01.990749	24	1	10	20
2019-10-07 07:30:01.703856	24	1	11	19
2019-10-07 07:35:02.422637	24	1	11	19
2019-10-07 07:40:02.277526	20	5	11	19
2019-10-07 07:45:02.092609	19	6	12	18
2019-10-07 07:50:01.905461	16	9	13	17
2019-10-07 07:55:01.573265	11	14	15	15
2019-10-07 08:00:02.384116	11	14	18	12
2019-10-07 08:05:02.254131	8	17	20	10
2019-10-07 08:10:02.096097	6	19	20	10
2019-10-07 08:15:01.792309	5	20	21	9
2019-10-07 08:20:02.578257	3	22	22	8
2019-10-07 08:25:02.318710	3	22	22	8
2019-10-07 08:30:02.044564	0	25	22	8
2019-10-07 08:35:01.749759	0	25	24	6
2019-10-07 08:40:02.556590	0	25	24	6
2019-10-07 08:45:02.324368	0	25	25	5
2019-10-07 08:50:01.994039	0	25	27	3
2019-10-07 08:55:01.666050	1	24	28	2
2019-10-07 09:00:02.523518	2	23	29	1
2019-10-07 09:05:02.240898	2	23	30	0
2019-10-07 09:10:02.009695	1	24	30	0
2019-10-07 09:15:01.712111	0	25	30	0
2019-10-07 09:20:02.493448	0	25	30	0
2019-10-07 09:25:02.192231	0	25	30	0
2019-10-07 09:30:01.891957	0	25	30	0
2019-10-07 09:35:01.667326	0	25	30	0
2019-10-07 09:40:02.479840	1	24	30	0
2019-10-07 09:45:02.166549	0	25	30	0
2019-10-07 09:50:01.943928	0	25	30	0
2019-10-07 09:55:01.607691	0	25	30	0
2019-10-07 19:00:02.214025	15	10	12	18
2019-10-07 19:05:01.951644	17	8	12	18
2019-10-07 19:10:01.831832	21	4	10	20
2019-10-07 19:15:02.511084	23	2	10	20
2019-10-07 19:20:02.457058	19	6	9	21
2019-10-07 19:25:02.134107	23	2	7	23
2019-10-07 19:30:01.859042	25	0	7	23
2019-10-07 19:35:02.535422	25	0	7	23
2019-10-07 19:40:02.416842	23	2	6	24
2019-10-07 19:45:02.185377	24	1	6	24
2019-10-07 19:50:01.866910	25	0	5	25
2019-10-07 19:55:02.570854	24	1	4	26
2019-10-07 20:00:02.343823	25	0	4	26
2019-10-07 20:05:02.050333	25	0	3	27
2019-10-07 20:10:01.876557	24	1	2	28
2019-10-07 20:15:02.641601	25	0	0	30
2019-10-07 20:20:02.429654	25	0	0	30
2019-10-07 20:25:02.087194	25	0	0	30
2019-10-07 20:30:01.833900	23	2	1	29
2019-10-07 20:35:01.613580	24	1	1	29
2019-10-07 20:40:02.480176	25	0	0	30
2019-10-07 20:45:02.183907	24	1	0	30
2019-10-07 20:50:26.908525	25	0	0	30
2019-10-07 20:55:01.595629	24	1	0	30
2019-10-07 21:00:02.420913	25	0	0	30
2019-10-07 21:05:02.104319	25	0	0	30
2019-10-07 21:10:01.877027	25	0	0	30
2019-10-07 21:15:01.607969	24	1	0	30
2019-10-07 21:20:02.383519	25	0	0	30
2019-10-07 21:25:02.064402	25	0	0	30
2019-10-07 21:30:01.773498	24	1	0	30
2019-10-07 21:35:02.448255	24	1	0	30
2019-10-07 21:40:02.278470	24	1	0	30
2019-10-07 21:45:02.015697	24	1	0	30
2019-10-07 21:50:01.784885	25	0	0	30
2019-10-07 21:55:02.474501	25	0	0	30
2019-10-08 07:00:02.387401	22	3	5	25
2019-10-08 07:05:02.162565	22	3	5	25
2019-10-08 07:10:01.948929	22	3	5	25
2019-10-08 07:15:01.622398	23	2	5	25
2019-10-08 07:20:02.387070	23	2	6	24
2019-10-08 07:25:02.229316	23	2	6	24
2019-10-08 07:30:01.962409	23	2	7	23
2019-10-08 07:35:01.661980	23	2	7	23
2019-10-08 07:40:02.463839	19	6	9	21
2019-10-08 07:45:02.225615	18	7	11	19
2019-10-08 07:50:01.895052	11	13	12	18
2019-10-08 07:55:01.600084	9	15	16	14
2019-10-08 08:00:02.429634	7	18	18	12
2019-10-08 08:05:02.206371	7	18	22	8
2019-10-08 08:10:01.997039	4	21	28	2
2019-10-08 08:15:01.675993	2	23	30	0
2019-10-08 08:20:02.435470	0	25	30	0
2019-10-08 08:25:02.101311	0	25	29	1
2019-10-08 08:30:01.775024	0	25	29	1
2019-10-08 08:35:02.472817	0	25	30	0
2019-10-08 08:40:02.286202	0	25	30	0
2019-10-08 08:45:01.966364	0	25	30	0
2019-10-08 08:50:01.662602	0	25	30	0
2019-10-08 08:55:02.376237	0	25	30	0
2019-10-08 09:00:02.104077	0	25	30	0
2019-10-08 09:05:01.838180	1	24	30	0
2019-10-08 09:10:01.636519	0	25	30	0
2019-10-08 09:15:02.315979	0	25	29	1
2019-10-08 09:20:02.143196	0	25	30	0
2019-10-08 09:25:01.854533	0	25	30	0
2019-10-08 09:30:02.593536	0	25	17	13
2019-10-08 09:35:02.257692	0	25	17	13
2019-10-08 09:40:02.113803	0	25	17	13
2019-10-08 09:45:01.807343	0	25	16	14
2019-10-08 09:50:02.519566	0	25	16	14
2019-10-08 09:55:02.198985	1	24	16	14
2019-10-08 19:00:02.676216	19	6	5	25
2019-10-08 19:05:02.391731	20	5	4	26
2019-10-08 19:10:02.193724	22	3	4	26
2019-10-08 19:15:01.873963	19	6	0	30
2019-10-08 19:20:02.688083	20	5	0	30
2019-10-08 19:25:02.400272	21	4	1	29
2019-10-08 19:30:02.061205	22	3	1	29
2019-10-08 19:35:01.745314	24	1	1	29
2019-10-08 19:40:02.613327	24	1	1	29
2019-10-08 19:45:02.358023	23	1	1	29
2019-10-08 19:50:02.088066	24	1	1	29
2019-10-08 19:55:01.767639	24	1	2	28
2019-10-08 20:00:02.560134	24	1	2	28
2019-10-08 20:05:02.317948	25	0	0	30
2019-10-08 20:10:02.144293	23	2	0	30
2019-10-08 20:15:01.849110	23	2	0	30
2019-10-08 20:20:02.599545	25	0	0	30
2019-10-08 20:25:02.278256	24	1	0	30
2019-10-08 20:30:02.016726	25	0	0	30
2019-10-08 20:35:01.844126	25	0	0	30
2019-10-08 20:40:01.746049	25	0	0	30
2019-10-08 20:45:02.464183	25	0	0	30
2019-10-08 20:50:02.169125	24	1	0	30
2019-10-08 20:55:01.870158	25	0	0	30
2019-10-08 21:00:02.712250	25	0	0	30
2019-10-08 21:05:02.419011	24	1	0	30
2019-10-08 21:10:02.227662	25	0	0	30
2019-10-08 21:15:01.977505	25	0	0	30
2019-10-08 21:20:01.735349	24	1	0	30
2019-10-08 21:25:02.460986	24	1	0	30
2019-10-08 21:30:02.135254	25	0	0	30
2019-10-08 21:35:01.860456	25	0	0	30
2019-10-08 21:40:01.723917	24	1	0	30
2019-10-08 21:45:02.415217	24	1	0	30
2019-10-08 21:50:02.158318	24	1	0	30
2019-10-08 21:55:01.916892	24	1	0	30
2019-10-09 07:00:02.226240	21	4	0	30
2019-10-09 07:05:02.028580	22	3	0	30
2019-10-09 07:10:01.833265	22	3	0	30
2019-10-09 07:15:02.532146	22	3	0	30
2019-10-09 07:20:02.288187	22	3	0	30
2019-10-09 07:25:02.027372	22	3	0	30
2019-10-09 07:30:01.791332	22	3	0	30
2019-10-09 07:35:02.531743	22	3	0	30
2019-10-09 07:40:02.535144	22	3	0	30
2019-10-09 07:45:02.257477	22	3	0	30
2019-10-09 07:50:01.937518	22	3	0	30
2019-10-09 07:55:01.668712	22	3	0	30
2019-10-09 08:00:02.487814	22	3	0	30
2019-10-09 08:05:02.265527	24	1	0	30
2019-10-09 08:10:02.226790	24	1	0	30
2019-10-09 08:15:02.009385	24	1	0	30
2019-10-09 08:20:01.799888	24	1	0	30
2019-10-09 08:25:02.460365	24	1	0	30
2019-10-09 08:30:02.169486	24	1	0	30
2019-10-09 08:35:01.895306	24	1	0	30
2019-10-09 08:40:01.755530	24	1	0	30
2019-10-09 08:45:02.546614	24	1	0	30
2019-10-09 08:50:02.246221	24	1	0	30
2019-10-09 08:55:01.935442	25	0	0	30
2019-10-09 09:00:01.688889	24	1	0	30
2019-10-09 09:05:02.453562	24	1	0	30
2019-10-09 09:10:02.333662	24	1	0	30
2019-10-09 09:15:02.014624	24	1	0	30
2019-10-09 09:20:01.818610	24	1	0	30
2019-10-09 09:25:02.538995	24	1	0	30
2019-10-09 09:30:02.276188	24	1	0	30
2019-10-09 09:35:02.033234	24	1	0	30
2019-10-09 09:40:01.863812	24	1	0	30
2019-10-09 09:45:02.522716	24	1	0	30
2019-10-09 09:50:02.233342	24	1	0	30
2019-10-09 09:55:01.897044	24	1	0	30
2019-10-09 19:00:02.157613	0	25	0	30
2019-10-09 19:05:01.899745	1	24	0	30
2019-10-09 19:10:01.774441	1	24	0	30
2019-10-09 19:15:02.458605	1	24	0	30
2019-10-09 19:20:02.230593	2	23	0	30
2019-10-09 19:25:01.937967	4	21	0	30
2019-10-09 19:30:01.603515	3	22	0	30
2019-10-09 19:35:02.322199	3	22	0	30
2019-10-09 19:40:02.182205	4	21	0	30
2019-10-09 19:45:01.882108	5	20	0	30
2019-10-09 19:50:02.562278	4	21	0	30
2019-10-09 19:55:02.257643	4	21	0	30
2019-10-09 20:00:02.072794	5	20	0	30
2019-10-09 20:05:01.760894	5	20	0	30
2019-10-09 20:10:01.609534	5	20	0	30
2019-10-09 20:15:02.316533	6	19	0	30
2019-10-09 20:20:02.107058	8	17	0	30
2019-10-09 20:25:01.789446	9	16	0	30
2019-10-09 20:30:02.552865	8	17	0	30
2019-10-09 20:35:02.244650	10	15	0	30
2019-10-09 20:40:02.125095	11	14	0	30
2019-10-09 20:45:01.862925	14	11	0	30
2019-10-09 20:50:02.540505	15	10	0	30
2019-10-09 20:55:02.228963	16	9	0	30
2019-10-09 21:00:01.972392	15	10	0	30
2019-10-09 21:05:01.688894	13	12	0	30
2019-10-09 21:10:02.480835	12	13	0	30
2019-10-09 21:15:02.136392	13	12	0	30
2019-10-09 21:20:01.950697	14	11	0	30
2019-10-09 21:25:01.638296	14	11	0	30
2019-10-09 21:30:02.465206	14	11	0	30
2019-10-09 21:35:02.166230	14	11	0	30
2019-10-09 21:40:02.008653	14	11	0	30
2019-10-09 21:45:01.793352	15	10	0	30
2019-10-09 21:50:02.565224	15	10	0	30
2019-10-09 21:55:02.244342	16	9	0	30
2019-10-10 07:00:02.189215	23	2	3	27
2019-10-10 07:05:01.952948	24	1	3	27
2019-10-10 07:10:01.835837	24	1	3	27
2019-10-10 07:15:02.566495	23	2	3	27
2019-10-10 07:20:02.419423	24	1	4	26
2019-10-10 07:25:02.173841	24	1	4	26
2019-10-10 07:30:01.915841	24	1	4	26
2019-10-10 07:35:01.667284	23	2	4	26
2019-10-10 07:40:02.564545	23	2	4	26
2019-10-10 07:45:02.277715	23	2	4	26
2019-10-10 07:50:01.972459	23	2	7	23
2019-10-10 07:55:01.697560	19	6	9	21
2019-10-10 08:00:02.544973	20	5	14	16
2019-10-10 08:05:02.329204	20	5	19	11
2019-10-10 08:10:02.199257	17	8	24	6
2019-10-10 08:15:01.935553	14	11	27	3
2019-10-10 08:20:01.783992	13	12	30	0
2019-10-10 08:25:02.553197	9	16	30	0
2019-10-10 08:30:02.341076	6	19	30	0
2019-10-10 08:35:02.034183	7	18	30	0
2019-10-10 08:40:01.875347	4	21	30	0
2019-10-10 08:45:01.606280	3	22	30	0
2019-10-10 08:50:02.290908	0	25	30	0
2019-10-10 08:55:02.031635	0	25	30	0
2019-10-10 09:00:01.853822	1	24	30	0
2019-10-10 09:05:02.579307	0	25	30	0
2019-10-10 09:10:02.405125	0	25	30	0
2019-10-10 09:15:02.161622	0	25	30	0
2019-10-10 09:20:01.935228	0	25	30	0
2019-10-10 09:25:01.663153	0	25	30	0
2019-10-10 09:30:02.418156	0	25	30	0
2019-10-10 09:35:02.200455	1	24	29	1
2019-10-10 09:40:02.013665	0	25	29	1
2019-10-10 09:45:01.694437	0	25	29	1
2019-10-10 09:50:02.408651	0	25	29	1
2019-10-10 09:55:02.099250	0	25	29	1
2019-10-10 19:00:02.177501	24	1	12	18
2019-10-10 19:05:01.935124	23	2	12	18
2019-10-10 19:10:01.690252	23	2	11	19
2019-10-10 19:15:02.381052	21	4	12	18
2019-10-10 19:20:02.113150	22	3	10	20
2019-10-10 19:25:01.823601	23	2	8	22
2019-10-10 19:30:02.522446	24	1	6	24
2019-10-10 19:35:02.189597	24	1	6	24
2019-10-10 19:40:02.096870	23	2	7	23
2019-10-10 19:45:01.813406	23	2	7	23
2019-10-10 19:50:02.472631	23	2	7	23
2019-10-10 19:55:02.201760	23	2	7	23
2019-10-10 20:00:01.953064	19	6	1	29
2019-10-10 20:05:01.711920	19	6	0	30
2019-10-10 20:10:02.533981	19	6	0	30
2019-10-10 20:15:02.234581	17	8	0	30
2019-10-10 20:20:02.017919	17	8	0	30
2019-10-10 20:25:01.689103	18	7	0	30
2019-10-10 20:30:02.538101	20	5	0	30
2019-10-10 20:35:02.334322	23	2	0	30
2019-10-10 20:40:02.100805	24	1	0	30
2019-10-10 20:45:01.753500	24	1	0	30
2019-10-10 20:50:02.400008	24	1	0	30
2019-10-10 20:55:02.042161	25	0	0	30
2019-10-10 21:00:26.773232	22	3	1	29
2019-10-10 21:05:02.434576	25	0	1	29
2019-10-10 21:10:02.230277	25	0	0	30
2019-10-10 21:15:01.979301	25	0	0	30
2019-10-10 21:20:01.772229	25	0	0	30
2019-10-10 21:25:02.468863	24	1	0	30
2019-10-10 21:30:02.157609	24	1	0	30
2019-10-10 21:35:01.842526	22	3	0	30
2019-10-10 21:40:01.648485	21	4	0	30
2019-10-10 21:45:02.329544	23	2	0	30
2019-10-10 21:50:01.982063	23	2	0	30
2019-10-11 07:00:02.493231	20	4	4	26
2019-10-11 07:05:02.229986	22	3	4	26
2019-10-11 07:10:02.019932	22	3	4	26
2019-10-11 07:15:01.726371	22	3	4	26
2019-10-11 07:20:02.509765	16	3	5	25
2019-10-11 07:25:02.216783	18	3	5	25
2019-10-11 07:30:02.019311	21	4	5	25
2019-10-11 07:35:01.705647	21	4	6	24
2019-10-11 07:40:02.492866	21	4	6	24
2019-10-11 07:45:02.500401	21	4	6	24
2019-10-11 07:50:02.223722	19	6	7	23
2019-10-11 07:55:01.903772	17	8	9	21
2019-10-11 08:00:01.704194	19	6	14	16
2019-10-11 08:05:02.518309	19	6	14	16
2019-10-11 08:10:02.356576	19	6	15	15
2019-10-11 08:15:02.046174	14	11	19	11
2019-10-11 08:20:01.830190	12	13	21	9
2019-10-11 08:25:02.512752	13	12	25	5
2019-10-11 08:30:02.255024	12	13	26	4
2019-10-11 08:35:01.961971	12	13	30	0
2019-10-11 08:40:01.814200	9	16	30	0
2019-10-11 08:45:02.515858	8	17	30	0
2019-10-11 08:50:02.243458	7	18	30	0
2019-10-11 08:55:01.933600	7	18	30	0
2019-10-11 09:00:01.843771	6	19	30	0
2019-10-11 09:05:02.646096	4	21	30	0
2019-10-11 09:10:02.496343	3	22	30	0
2019-10-11 09:15:02.180356	3	22	29	1
2019-10-11 09:20:02.918536	0	25	30	0
2019-10-11 09:25:01.618996	1	24	30	0
2019-10-11 09:30:02.315100	0	25	30	0
2019-10-11 09:35:02.028303	0	25	29	1
2019-10-11 09:40:01.913768	0	25	29	1
2019-10-11 09:45:01.623898	0	25	30	0
2019-10-11 09:50:02.337280	0	25	30	0
2019-10-11 09:55:02.031476	1	24	30	0
2019-10-11 19:00:02.442025	17	8	1	29
2019-10-11 19:05:02.157248	17	8	0	30
2019-10-11 19:10:02.008282	15	10	0	30
2019-10-11 19:15:01.678511	15	10	0	30
2019-10-11 19:20:02.454440	15	10	0	30
2019-10-11 19:25:02.183031	14	11	2	28
2019-10-11 19:30:01.903999	18	7	2	28
2019-10-11 19:35:01.592143	18	7	2	28
2019-10-11 19:40:02.403646	17	8	2	28
2019-10-11 19:45:02.073931	16	9	2	28
2019-10-11 19:50:01.880302	16	9	2	28
2019-10-11 19:55:02.572505	18	7	1	29
2019-10-11 20:00:02.436217	18	7	1	29
2019-10-11 20:05:02.113885	20	5	0	30
2019-10-11 20:10:01.966461	20	5	0	30
2019-10-11 20:15:01.655634	20	5	0	30
2019-10-11 20:20:02.422402	21	4	0	30
2019-10-11 20:25:02.102683	21	4	0	30
2019-10-11 20:30:01.928616	21	4	0	30
2019-10-11 20:35:01.651529	21	4	0	30
2019-10-11 20:40:02.509072	23	2	0	30
2019-10-11 20:45:02.186826	21	4	0	30
2019-10-11 20:50:01.912294	23	2	0	30
2019-10-11 20:55:01.605242	23	2	0	30
2019-10-11 21:00:02.398912	23	2	0	30
2019-10-11 21:05:02.100806	24	1	0	30
2019-10-11 21:10:01.890763	25	0	0	30
2019-10-11 21:15:01.617552	24	1	0	30
2019-10-11 21:20:02.353476	22	3	0	30
2019-10-11 21:25:02.037214	22	3	0	30
2019-10-11 21:30:01.785010	20	5	0	30
2019-10-11 21:35:02.500253	20	5	0	30
2019-10-11 21:40:02.302974	21	4	0	30
2019-10-11 21:45:01.983055	23	2	0	30
2019-10-11 21:50:01.634892	24	1	0	30
2019-10-11 21:55:02.330306	23	2	0	30
2019-10-12 07:00:03.424332	25	0	0	30
2019-10-12 07:05:02.348731	25	0	0	30
2019-10-12 07:10:02.158277	25	0	0	30
2019-10-12 07:15:01.841374	25	0	0	30
2019-10-12 07:20:02.645228	25	0	0	30
2019-10-12 07:25:02.347575	25	0	0	30
2019-10-12 07:30:02.092976	25	0	0	30
2019-10-12 07:35:01.804698	25	0	0	30
2019-10-12 07:40:01.736205	25	0	0	30
2019-10-12 07:45:02.470788	25	0	0	30
2019-10-12 07:50:02.148801	24	1	0	30
2019-10-12 07:55:01.913769	24	1	0	30
2019-10-12 08:00:01.718769	24	1	0	30
2019-10-12 08:05:03.004350	24	1	0	30
2019-10-12 08:10:01.786154	24	1	0	30
2019-10-12 08:15:02.504604	25	0	0	30
2019-10-12 08:20:02.319753	25	0	0	30
2019-10-12 08:25:02.033944	25	0	0	30
2019-10-12 08:30:01.714285	23	2	0	30
2019-10-12 08:35:02.401897	20	5	0	30
2019-10-12 08:40:02.256452	21	4	0	30
2019-10-12 08:45:01.963183	23	2	0	30
2019-10-12 08:50:01.727659	23	2	0	30
2019-10-12 08:55:02.402443	23	2	0	30
2019-10-12 09:00:02.253327	23	2	0	30
2019-10-12 09:05:01.943895	23	2	0	30
2019-10-12 09:10:01.703329	23	2	0	30
2019-10-12 09:15:02.427931	23	2	0	30
2019-10-12 09:20:02.179708	23	2	0	30
2019-10-12 09:25:01.910057	23	2	0	30
2019-10-12 09:30:01.648137	22	3	0	30
2019-10-12 09:35:02.388722	22	3	0	30
2019-10-12 09:40:02.197026	22	3	0	30
2019-10-12 09:45:01.897847	23	2	0	30
2019-10-12 09:50:01.618600	23	2	0	30
2019-10-12 09:55:02.315180	23	2	0	30
2019-10-12 19:00:02.695396	8	17	1	29
2019-10-12 19:05:02.370687	8	17	1	29
2019-10-12 19:10:02.201074	5	20	1	29
2019-10-12 19:15:01.854207	5	20	1	29
2019-10-12 19:20:02.599252	6	19	1	29
2019-10-12 19:25:02.280875	7	18	1	29
2019-10-12 19:30:01.974349	5	20	1	29
2019-10-12 19:35:01.749856	5	20	1	29
2019-10-12 19:40:02.613097	3	21	1	29
2019-10-12 19:45:02.330105	3	22	1	29
2019-10-12 19:50:02.039938	3	22	1	29
2019-10-12 19:55:01.716824	3	22	1	29
2019-10-12 20:00:02.494232	3	22	1	29
2019-10-12 20:05:02.172177	3	22	1	29
2019-10-12 20:10:02.039061	3	22	1	29
2019-10-12 20:15:01.784535	4	21	1	29
2019-10-12 20:20:02.553102	5	20	1	29
2019-10-12 20:25:02.239872	4	21	1	29
2019-10-12 20:30:02.017031	3	22	1	29
2019-10-12 20:35:01.707552	2	23	1	29
2019-10-12 20:40:02.556386	2	23	1	29
2019-10-12 20:45:02.236557	1	24	1	29
2019-10-12 20:50:01.935793	1	24	1	29
2019-10-12 20:55:01.668791	1	24	1	29
2019-10-12 21:00:02.574112	2	23	1	29
2019-10-12 21:05:02.280933	1	24	1	29
2019-10-12 21:10:02.093738	1	24	1	29
2019-10-12 21:15:01.778937	1	24	1	29
2019-10-12 21:20:02.550703	0	25	1	29
2019-10-12 21:25:02.229808	0	25	1	29
2019-10-12 21:30:01.935596	0	25	1	29
2019-10-12 21:35:01.627227	0	25	1	29
2019-10-12 21:40:02.539378	1	24	1	29
2019-10-12 21:45:02.229008	1	24	1	29
2019-10-12 21:50:02.068373	1	24	1	29
2019-10-12 21:55:01.708294	0	25	1	29
2019-10-13 07:00:27.387336	12	13	1	29
2019-10-13 07:05:02.220157	12	13	1	29
2019-10-13 07:10:02.070470	13	12	1	29
2019-10-13 07:15:02.117637	13	12	1	29
2019-10-13 07:20:01.945484	13	12	1	29
2019-10-13 07:25:01.677571	13	12	1	29
2019-10-13 07:30:02.394619	13	12	1	29
2019-10-13 07:35:02.108382	13	12	1	29
2019-10-13 07:40:01.974229	14	11	1	29
2019-10-13 07:45:01.654114	14	11	1	29
2019-10-13 07:50:02.362335	12	13	1	29
2019-10-13 07:55:02.097200	12	13	1	29
2019-10-13 08:00:01.870193	11	14	1	29
2019-10-13 08:05:02.538264	11	14	1	29
2019-10-13 08:10:02.437223	11	14	1	29
2019-10-13 08:15:02.113442	11	14	1	29
2019-10-13 08:20:01.915958	11	14	1	29
2019-10-13 08:25:01.603797	11	14	1	29
2019-10-13 08:30:02.464868	11	14	1	29
2019-10-13 08:35:02.652954	11	14	1	29
2019-10-13 08:40:02.675603	11	14	1	29
2019-10-13 08:45:02.407210	11	14	1	29
2019-10-13 08:50:02.108702	12	13	1	29
2019-10-13 08:55:01.828359	12	13	1	29
2019-10-13 09:00:02.640032	12	13	1	29
2019-10-13 09:05:02.325401	12	13	1	29
2019-10-13 09:10:02.166145	12	13	1	29
2019-10-13 09:15:01.973710	12	13	1	29
2019-10-13 09:20:01.767583	12	13	1	29
2019-10-13 09:25:02.481922	12	13	1	29
2019-10-13 09:30:02.280303	12	13	1	29
2019-10-13 09:35:01.999061	12	13	1	29
2019-10-13 09:40:01.831968	11	14	1	29
2019-10-13 09:45:02.566710	11	14	1	29
2019-10-13 09:50:02.259415	11	14	1	29
2019-10-13 09:55:01.950784	10	15	1	29
2019-10-13 19:00:02.129095	4	21	1	29
2019-10-13 19:05:01.866646	5	20	1	29
2019-10-13 19:10:01.646092	5	20	1	29
2019-10-13 19:15:02.347366	5	20	1	29
2019-10-13 19:20:02.143668	5	20	1	29
2019-10-13 19:25:01.824200	6	19	1	29
2019-10-13 19:30:02.711905	6	19	1	29
2019-10-13 19:35:02.410410	6	19	1	29
2019-10-13 19:40:02.439993	7	18	1	29
2019-10-13 19:45:02.151001	7	18	1	29
2019-10-13 19:50:01.865096	9	16	1	29
2019-10-13 19:55:02.562584	8	17	1	29
2019-10-13 20:00:02.311171	8	17	1	29
2019-10-13 20:05:01.989313	11	14	1	29
2019-10-13 20:10:01.792365	8	17	1	29
2019-10-13 20:15:02.533107	8	17	1	29
2019-10-13 20:20:02.260505	8	17	1	29
2019-10-13 20:25:01.973606	9	16	1	29
2019-10-13 20:30:01.703913	9	16	1	29
2019-10-13 20:35:02.463649	9	16	1	29
2019-10-13 20:40:02.377634	8	17	1	29
2019-10-13 20:45:02.116101	8	17	1	29
2019-10-13 20:50:01.841541	7	18	1	29
2019-10-13 20:55:02.523449	7	18	1	29
2019-10-13 21:00:02.305957	8	17	1	29
2019-10-13 21:05:01.987546	6	19	1	29
2019-10-13 21:10:01.770396	6	19	1	29
2019-10-13 21:15:02.479738	5	20	1	29
2019-10-13 21:20:02.236920	5	20	1	29
2019-10-13 21:25:01.917285	5	20	1	29
2019-10-13 21:30:01.581608	8	17	1	29
2019-10-13 21:35:02.273232	8	17	1	29
2019-10-13 21:40:02.143895	10	15	1	29
2019-10-13 21:45:01.843808	10	15	1	29
2019-10-13 21:50:02.570057	11	14	1	29
2019-10-13 21:55:02.301174	11	14	1	29
2019-10-14 07:00:02.295214	23	2	6	24
2019-10-14 07:05:02.060507	23	2	6	24
2019-10-14 07:10:01.852383	23	2	6	24
2019-10-14 07:15:01.585835	23	2	6	24
2019-10-14 07:20:02.357704	23	2	7	23
2019-10-14 07:25:02.025960	24	1	7	23
2019-10-14 07:30:01.738467	23	2	7	23
2019-10-14 07:35:02.425749	22	3	7	23
2019-10-14 07:40:02.261783	19	6	7	23
2019-10-14 07:45:01.975575	17	8	8	22
2019-10-14 07:50:01.755112	15	9	9	21
2019-10-14 07:55:02.541643	12	13	12	18
2019-10-14 08:00:02.350899	11	14	20	10
2019-10-14 08:05:02.074307	9	16	24	6
2019-10-14 08:10:01.905119	7	18	27	3
2019-10-14 08:15:01.617534	3	22	28	2
2019-10-14 08:20:02.556688	2	23	28	2
2019-10-14 08:25:02.278127	1	24	28	2
2019-10-14 08:30:02.013516	0	25	30	0
2019-10-14 08:35:01.762594	0	25	30	0
2019-10-14 08:40:02.668515	0	25	30	0
2019-10-14 08:45:02.436599	0	25	30	0
2019-10-14 08:50:02.259653	1	24	30	0
2019-10-14 08:55:02.251487	2	23	30	0
2019-10-14 09:00:02.171219	1	24	30	0
2019-10-14 09:05:01.898475	0	25	30	0
2019-10-14 09:10:01.677201	1	24	20	10
2019-10-14 09:15:02.532279	1	24	20	10
2019-10-14 09:20:02.385943	0	25	16	14
2019-10-14 09:25:02.108330	0	25	16	14
2019-10-14 09:30:02.247930	0	25	17	13
2019-10-14 09:35:01.930453	1	24	18	12
2019-10-14 09:40:01.790815	1	24	18	12
2019-10-14 09:45:02.505800	0	25	18	12
2019-10-14 09:50:02.261957	0	25	18	12
2019-10-14 09:55:02.008134	0	25	20	10
2019-10-14 19:00:02.197523	25	0	2	28
2019-10-14 19:05:01.906422	25	0	2	28
2019-10-14 19:10:01.746639	25	0	0	30
2019-10-14 19:15:02.464589	25	0	0	30
2019-10-14 19:20:02.253263	24	1	0	30
2019-10-14 19:25:01.974222	24	1	0	30
2019-10-14 19:30:02.115428	25	0	0	30
2019-10-14 19:35:01.816043	25	0	0	30
2019-10-14 19:40:01.693037	24	1	0	30
2019-10-14 19:45:02.491238	24	1	0	30
2019-10-14 19:50:02.189607	24	1	0	30
2019-10-14 19:55:02.155084	23	2	0	30
2019-10-14 20:00:01.910365	24	1	0	30
2019-10-14 20:05:01.691001	21	4	0	30
2019-10-14 20:10:02.589039	21	4	0	30
2019-10-14 20:15:02.323390	20	5	0	30
2019-10-14 20:20:02.135753	21	4	0	30
2019-10-14 20:25:01.816135	22	3	0	30
2019-10-14 20:30:02.544971	24	1	0	30
2019-10-14 20:35:02.276601	24	1	0	30
2019-10-14 20:40:02.127708	23	2	0	30
2019-10-14 20:45:01.845217	25	0	0	30
2019-10-14 20:50:02.522716	25	0	0	30
2019-10-14 20:55:02.219385	25	0	0	30
2019-10-14 21:00:02.334879	25	0	0	30
2019-10-14 21:05:02.075958	25	0	0	30
2019-10-14 21:10:01.904255	25	0	0	30
2019-10-14 21:15:01.593528	25	0	0	30
2019-10-14 21:20:02.367050	25	0	0	30
2019-10-14 21:25:02.044569	25	0	0	30
2019-10-14 21:30:01.949605	25	0	0	30
2019-10-14 21:35:01.648667	24	1	0	30
2019-10-14 21:40:02.516193	24	1	0	30
2019-10-14 21:45:02.235354	25	0	0	30
2019-10-14 21:50:01.945715	25	0	0	30
2019-10-14 21:55:01.624476	24	1	0	30
2019-10-15 07:00:01.784329	24	1	4	26
2019-10-15 07:05:02.642647	24	1	4	26
2019-10-15 07:10:02.516669	24	1	4	26
2019-10-15 07:15:02.239089	23	2	5	25
2019-10-15 07:20:02.040830	22	3	5	25
2019-10-15 07:25:01.777953	22	3	5	25
2019-10-15 07:30:02.514716	22	3	5	25
2019-10-15 07:35:02.206314	20	5	5	25
2019-10-15 07:40:02.060378	17	8	5	25
2019-10-15 07:45:01.759689	14	11	6	24
2019-10-15 07:50:02.531753	13	12	10	20
2019-10-15 07:55:02.592567	8	17	15	15
2019-10-15 08:00:02.537667	5	19	17	13
2019-10-15 08:05:02.223900	3	21	17	13
2019-10-15 08:10:02.091395	2	22	22	8
2019-10-15 08:15:01.852625	1	23	29	1
2019-10-15 08:20:01.731393	0	25	30	0
2019-10-15 08:25:02.423318	0	25	30	0
2019-10-15 08:30:02.131020	0	25	30	0
2019-10-15 08:35:01.791136	1	24	30	0
2019-10-15 08:40:01.659205	1	24	30	0
2019-10-15 08:45:02.379492	0	25	30	0
2019-10-15 08:50:02.114546	0	25	30	0
2019-10-15 08:55:01.768549	0	25	30	0
2019-10-15 09:00:03.138739	0	25	30	0
2019-10-15 09:05:01.843670	0	25	30	0
2019-10-15 09:10:01.764589	0	25	30	0
2019-10-15 09:15:02.521253	0	25	30	0
2019-10-15 09:20:02.323449	0	25	30	0
2019-10-15 09:25:02.027478	0	25	30	0
2019-10-15 09:30:01.745261	0	25	16	14
2019-10-15 09:35:02.437283	0	25	16	14
2019-10-15 09:40:02.295521	1	24	17	13
2019-10-15 09:45:01.995203	0	25	19	11
2019-10-15 09:50:01.728535	0	25	21	9
2019-10-15 09:55:02.472121	0	25	22	8
2019-10-15 19:00:01.963491	17	8	2	28
2019-10-15 19:05:01.725837	20	5	2	28
2019-10-15 19:10:02.512016	20	5	2	28
2019-10-15 19:15:02.230514	20	5	0	30
2019-10-15 19:20:01.932249	23	2	0	30
2019-10-15 19:25:01.647953	25	0	0	30
2019-10-15 19:30:02.393740	25	0	1	29
2019-10-15 19:35:02.172775	25	0	1	29
2019-10-15 19:40:02.050981	24	1	0	30
2019-10-15 19:45:01.789172	25	0	0	30
2019-10-15 19:50:02.547285	25	0	0	30
2019-10-15 19:55:02.214214	25	0	0	30
2019-10-15 20:00:02.028519	25	0	0	30
2019-10-15 20:05:01.750273	25	0	0	30
2019-10-15 20:10:02.556422	22	3	0	30
2019-10-15 20:15:02.239386	23	2	0	30
2019-10-15 20:20:01.997913	24	1	0	30
2019-10-15 20:25:01.719718	24	1	0	30
2019-10-15 20:30:02.406595	25	0	0	30
2019-10-15 20:35:02.154056	25	0	0	30
2019-10-15 20:40:01.971508	25	0	0	30
2019-10-15 20:45:01.697722	24	1	0	30
2019-10-15 20:50:02.381647	24	1	0	30
2019-10-15 20:55:02.054900	25	0	0	30
2019-10-15 21:00:26.860768	25	0	0	30
2019-10-15 21:05:02.581302	24	1	0	30
2019-10-15 21:10:02.365699	24	1	0	30
2019-10-15 21:15:02.093755	25	0	0	30
2019-10-15 21:20:01.873289	25	0	0	30
2019-10-15 21:25:02.523006	24	1	0	30
2019-10-15 21:30:02.201295	23	2	0	30
2019-10-15 21:35:01.881509	23	2	0	30
2019-10-15 21:40:01.744964	25	0	0	30
2019-10-15 21:45:02.495114	25	0	0	30
2019-10-15 21:50:02.165391	25	0	0	30
2019-10-15 21:55:01.868419	25	0	0	30
2019-10-16 07:00:02.632613	23	2	7	23
2019-10-16 07:05:02.366242	22	3	7	23
2019-10-16 07:10:02.390403	22	3	7	23
2019-10-16 07:15:02.091896	22	3	8	22
2019-10-16 07:20:01.847527	20	5	8	22
2019-10-16 07:25:02.501607	20	5	8	22
2019-10-16 07:30:02.426914	19	6	8	22
2019-10-16 07:35:02.166455	18	7	8	22
2019-10-16 07:40:02.023756	15	10	8	22
2019-10-16 07:45:01.716484	15	10	9	21
2019-10-16 07:50:27.417885	8	17	13	17
2019-10-16 07:55:02.094410	7	18	16	14
2019-10-16 08:00:01.882178	2	23	21	9
2019-10-16 08:05:01.636606	1	24	23	7
2019-10-16 08:10:02.472150	0	25	25	5
2019-10-16 08:15:02.171556	0	25	27	3
2019-10-16 08:20:01.966835	0	25	27	3
2019-10-16 08:25:01.653163	0	25	27	3
2019-10-16 08:30:02.925734	0	25	27	3
2019-10-16 08:35:01.649422	0	25	27	3
2019-10-16 08:40:02.465652	0	25	27	3
2019-10-16 08:45:02.178373	0	25	27	3
2019-10-16 08:50:01.926128	0	25	27	3
2019-10-16 08:55:01.670816	1	24	27	3
2019-10-16 09:00:02.462851	1	24	29	1
2019-10-16 09:05:02.180314	0	25	30	0
2019-10-16 09:10:02.171350	0	25	30	0
2019-10-16 09:15:01.871206	0	25	30	0
2019-10-16 09:20:01.651164	0	25	30	0
2019-10-16 09:25:02.371870	0	25	20	10
2019-10-16 09:30:02.080222	0	25	20	10
2019-10-16 09:35:01.792779	0	25	21	9
2019-10-16 09:40:01.637074	0	25	21	9
2019-10-16 09:45:02.318529	0	25	22	8
2019-10-16 09:50:02.025070	0	25	22	8
2019-10-16 09:55:01.698957	0	25	23	7
2019-10-16 19:00:02.156472	17	8	2	28
2019-10-16 19:05:01.919286	16	9	3	27
2019-10-16 19:10:01.763603	12	13	2	28
2019-10-16 19:15:02.461510	10	15	0	30
2019-10-16 19:20:02.272825	8	17	0	30
2019-10-16 19:25:02.017465	7	18	0	30
2019-10-16 19:30:01.687122	9	16	0	30
2019-10-16 19:35:02.406277	11	14	0	30
2019-10-16 19:40:02.290417	9	16	0	30
2019-10-16 19:45:26.991372	13	12	0	30
2019-10-16 19:50:01.706086	14	11	0	30
2019-10-16 19:55:02.485270	15	10	0	30
2019-10-16 20:00:02.204299	18	7	0	30
2019-10-16 20:05:01.900842	17	8	0	30
2019-10-16 20:10:01.730809	21	4	0	30
2019-10-16 20:15:02.433319	22	3	0	30
2019-10-16 20:20:02.178823	22	3	0	30
2019-10-16 20:25:01.901546	22	3	0	30
2019-10-16 20:30:01.590394	22	3	0	30
2019-10-16 20:35:02.336873	22	3	0	30
2019-10-16 20:40:02.456605	21	4	0	30
2019-10-16 20:45:02.168683	19	6	0	30
2019-10-16 20:50:01.862923	20	4	0	30
2019-10-16 20:55:02.560994	20	4	0	30
2019-10-16 21:00:02.396471	19	5	0	30
2019-10-16 21:05:02.083183	17	7	0	30
2019-10-16 21:10:01.840383	17	7	0	30
2019-10-16 21:15:02.873546	19	6	0	30
2019-10-16 21:20:02.625148	19	6	0	30
2019-10-16 21:25:02.304083	20	5	0	30
2019-10-16 21:30:02.034481	22	3	0	30
2019-10-16 21:35:01.695798	21	4	0	30
2019-10-16 21:40:02.571565	25	0	0	30
2019-10-16 21:45:02.251110	24	1	0	30
2019-10-16 21:50:01.973358	23	2	0	30
2019-10-16 21:55:26.739425	22	3	0	30
